//www.lazada.sg/products/nike-womens-court-legacy-canvas-shoes-white-i2682965643.html,Nike Women's Court Legacy Canvas Shoes - White,1,05-08-2023
//www.lazada.sg/products/converse-star-player-76-premium-canvas-mens-sneakers-vintage-whitemidnight-clover-i2740821362.html,Converse Star Player 76 Premium Canvas Men's Sneakers - Vintage White/Midnight Clover,1,05-08-2023
//www.lazada.sg/products/nike-womens-court-legacy-canvas-shoe-white-i1625270623.html,Nike Women's Court Legacy Canvas Shoe - White,1,05-08-2023
//www.lazada.sg/products/converse-womens-chuck-taylor-all-star-platform-canvas-white-i2613422284.html,Converse Women's Chuck Taylor All Star Platform Canvas - White,1,05-08-2023
//www.lazada.sg/products/nike-womens-court-legacy-canvas-shoe-black-i1625248899.html,Nike Women's Court Legacy Canvas Shoe - Black,1,05-08-2023
//www.lazada.sg/products/vans-suede-canvas-sk8-low-sneakers-women-unisex-us-size-green-vn0a5kxdsoj1-i2418660498.html,Vans Suede Canvas Sk8-Low Sneakers Women (Unisex US Size) GREEN VN0A5KXDSOJ1,1,05-08-2023
//www.lazada.sg/products/converse-ctas-lift-platform-canvas-womens-sneakers-oat-milkoat-milk-i2764187038.html,Converse CTAS Lift Platform Canvas Women's Sneakers - Oat Milk/Oat Milk,1,05-08-2023
//www.lazada.sg/products/converse-chuck-taylor-all-star-move-canvas-platform-womens-sneakers-black-i2613424175.html,Converse Chuck Taylor All Star Move Canvas Platform Women's Sneakers - Black,1,05-08-2023
//www.lazada.sg/products/puma-cali-dream-blank-canvas-sneakers-women-white-i2739497718.html,PUMA Cali Dream Blank Canvas Sneakers Women (White).,1,05-08-2023
//www.lazada.sg/products/converse-chuck-taylor-all-star-move-canvas-platform-womens-sneakers-whitewhitewhite-i2613299846.html,Converse Chuck Taylor All Star Move Canvas Platform Women's Sneakers - White/White/White,1,05-08-2023
//www.lazada.sg/products/converse-chuck-70-plus-canvas-unisex-sneakers-black-i2613543052.html,Converse Chuck 70 Plus Canvas Unisex Sneakers - Black,1,05-08-2023
//www.lazada.sg/products/converse-ctas-floral-embroidery-unisex-sneakers-blackcheeky-coralwhite-i2764119295.html,Converse CTAS Floral Embroidery Unisex Sneakers - Black/Cheeky Coral/White,1,05-08-2023
//www.lazada.sg/products/sperry-womens-crest-vibe-canvas-sneaker-navy-sts81904-i1826673747.html,Sperry Women's Crest Vibe Canvas Sneaker - Navy (STS81904),1,05-08-2023
//www.lazada.sg/products/sperry-womens-crest-vibe-canvas-sneaker-white-sts81903-i1826584976.html,Sperry Women's Crest Vibe Canvas Sneaker - White (STS81903),1,05-08-2023
//www.lazada.sg/products/converse-jack-purcell-gold-standard-canvas-ox-black-unisex-164056c-lf-i2643987232.html,CONVERSE Jack Purcell Gold Standard Canvas Ox Black Unisex 164056C (LF),1,05-08-2023
//www.lazada.sg/products/converse-chuck-taylor-all-star-ox-unisex-sneakers-optical-white-i2613435444.html,Converse Chuck Taylor All Star Ox Unisex Sneakers - Optical White,1,05-08-2023
//www.lazada.sg/products/nike-womens-court-legacy-canvas-shoes-grey-i2817151243.html,Nike Women's Court Legacy Canvas Shoes - Grey,1,05-08-2023
//www.lazada.sg/products/converse-jack-purcell-ox-mens-sneakers-shoes-white-i2613366941.html,Converse Jack Purcell Ox Men's Sneakers Shoes - White,1,05-08-2023
//www.lazada.sg/products/converse-run-star-motion-canvas-platform-unisex-sneakers-blackwhitegum-honey-i2613369796.html,Converse Run Star Motion Canvas Platform Unisex Sneakers - Black/White/Gum Honey,1,05-08-2023
//www.lazada.sg/products/women-canvas-shoes-103-i2180266270.html,WOMEN CANVAS SHOES (103),1,05-08-2023
//www.lazada.sg/products/fila-core-sofia-canvas-womens-fashion-morderno-sneakers-i2690307761.html,FILA CORE SOFIA CANVAS Women's Fashion Morderno Sneakers,1,05-08-2023
//www.lazada.sg/products/converse-jack-purcell-gold-standard-canvas-ox-white-unisex-164057c-lf-i2643981135.html,CONVERSE Jack Purcell Gold Standard Canvas Ox White Unisex 164057C (LF),1,05-08-2023
//www.lazada.sg/products/vans-classic-slip-on-stackform-canvas-black-classic-white-lf-i2559500692.html,VANS Classic Slip On Stackform Canvas Black / Classic White (LF),1,05-08-2023
//www.lazada.sg/products/converse-womens-chuck-taylor-all-star-platform-canvas-sneakers-blackwhitewhite-i2613300869.html,CONVERSE WOMEN'S CHUCK TAYLOR ALL STAR PLATFORM CANVAS SNEAKERS - BLACK/WHITE/WHITE,1,05-08-2023
//www.lazada.sg/products/sperry-womens-lounge-away-2-washed-canvas-sneakers-mauve-berry-sts87649-i2422517514.html,Sperry Women's Lounge Away 2 Washed Canvas Sneakers - Mauve Berry (STS87649),1,05-08-2023
//www.lazada.sg/products/converse-star-player-76-premium-canvas-mens-sneakers-white-i2639791084.html,Converse Star Player 76 Premium Canvas Men's Sneakers - White,1,05-08-2023
//www.lazada.sg/products/converse-chuck-taylor-all-star-ox-monochrome-black-m5039c-i2313239882.html,Converse Chuck Taylor All Star - Ox - Monochrome Black M5039C,1,05-08-2023
//www.lazada.sg/products/vans-suede-canvas-old-skool-stackform-sneakers-women-unisexussize-black-vn0a7q5m6bt1-i2628762583.html,Vans Suede Canvas Old Skool Stackform Sneakers Women (Unisex US Size) BLACK VN0A7Q5M6BT1,1,05-08-2023
//www.lazada.sg/products/vans-canvas-authentic-stackform-sneakers-women-unisexussize-black-vn0a5kxxbmx1-i2628785509.html,Vans Canvas Authentic Stackform Sneakers Women (Unisex US Size) BLACK VN0A5KXXBMX1,1,05-08-2023
//www.lazada.sg/products/womens-grandpr-rally-canvas-court-sneaker-i2587037888.html,Women's GrandPrø Rally Canvas Court Sneaker,1,05-08-2023
//www.lazada.sg/products/converse-ctas-lift-platform-canvas-womens-sneakers-lucid-lilacvapor-violetegret-i2764160164.html,Converse CTAS Lift Platform Canvas Women's Sneakers - Lucid Lilac/Vapor Violet/Egret,1,05-08-2023
//www.lazada.sg/products/womens-grandpr-rally-canvas-court-sneaker-i2581420127.html,Women's GrandPrø Rally Canvas Court Sneaker,1,05-08-2023
//www.lazada.sg/products/converse-run-star-motion-canvas-platform-unisex-sneakers-black-i2613426165.html,Converse Run Star Motion Canvas Platform Unisex Sneakers - Black,1,05-08-2023
//www.lazada.sg/products/converse-jack-purcell-ox-mens-sneakers-shoes-black-i2613442072.html,Converse Jack Purcell Ox Men's Sneakers Shoes - Black,1,05-08-2023
//www.lazada.sg/products/womens-grandpr-rally-canvas-court-sneaker-i2584800771.html,Women's GrandPrø Rally Canvas Court Sneaker,1,05-08-2023
//www.lazada.sg/products/womens-grandpr-rally-canvas-court-sneaker-i2581298959.html,Women's GrandPrø Rally Canvas Court Sneaker,1,05-08-2023
//www.lazada.sg/products/raf-raf-3-6-years-soft-sole-zipper-canvas-sneakers-kids-shoes-gold-or-silver-i1724546915.html,Raf Raf S133 3-6 years Soft Sole Zipper Canvas Sneakers Kids Shoes (Gold or Silver),1,05-08-2023
//www.lazada.sg/products/mothercare-pink-canvas-shoes-i2849735577.html,Mothercare Pink Canvas Shoes,1,05-08-2023
//www.lazada.sg/products/converse-run-star-motion-canvas-platform-unisex-sneakers-white-i2613388875.html,Converse Run Star Motion Canvas Platform Unisex Sneakers - White,1,05-08-2023
//www.lazada.sg/products/mothercare-navy-bear-canvas-shoes-i2849714653.html,Mothercare Navy Bear Canvas Shoes,1,05-08-2023
//www.lazada.sg/products/nike-womens-court-legacy-canvas-shoes-white-i2682965643.html,Nike Women's Court Legacy Canvas Shoes - White,2,05-08-2023
//www.lazada.sg/products/nike-womens-court-legacy-canvas-shoes-grey-i2817151243.html,Nike Women's Court Legacy Canvas Shoes - Grey,2,05-08-2023
//www.lazada.sg/products/converse-ctas-lift-platform-canvas-womens-sneakers-oat-milkoat-milk-i2764187038.html,Converse CTAS Lift Platform Canvas Women's Sneakers - Oat Milk/Oat Milk,2,05-08-2023
//www.lazada.sg/products/sperry-womens-crest-vibe-canvas-sneaker-navy-sts81904-i1826673747.html,Sperry Women's Crest Vibe Canvas Sneaker - Navy (STS81904),2,05-08-2023
//www.lazada.sg/products/converse-chuck-taylor-all-star-move-canvas-platform-womens-sneakers-black-i2613424175.html,Converse Chuck Taylor All Star Move Canvas Platform Women's Sneakers - Black,2,05-08-2023
//www.lazada.sg/products/nike-womens-court-legacy-canvas-shoe-black-i1625248899.html,Nike Women's Court Legacy Canvas Shoe - Black,2,05-08-2023
//www.lazada.sg/products/converse-womens-chuck-taylor-all-star-platform-canvas-sneakers-blackwhitewhite-i2613300869.html,CONVERSE WOMEN'S CHUCK TAYLOR ALL STAR PLATFORM CANVAS SNEAKERS - BLACK/WHITE/WHITE,2,05-08-2023
//www.lazada.sg/products/converse-chuck-taylor-all-star-move-canvas-platform-womens-sneakers-whitewhitewhite-i2613299846.html,Converse Chuck Taylor All Star Move Canvas Platform Women's Sneakers - White/White/White,2,05-08-2023
//www.lazada.sg/products/nike-womens-court-legacy-canvas-shoe-white-i1625270623.html,Nike Women's Court Legacy Canvas Shoe - White,2,05-08-2023
//www.lazada.sg/products/converse-star-player-76-premium-canvas-mens-sneakers-vintage-whitemidnight-clover-i2740821362.html,Converse Star Player 76 Premium Canvas Men's Sneakers - Vintage White/Midnight Clover,2,05-08-2023
//www.lazada.sg/products/converse-chuck-taylor-all-star-ox-unisex-sneakers-optical-white-i2613435444.html,Converse Chuck Taylor All Star Ox Unisex Sneakers - Optical White,2,05-08-2023
//www.lazada.sg/products/converse-run-star-motion-canvas-platform-unisex-sneakers-blackwhitegum-honey-i2613369796.html,Converse Run Star Motion Canvas Platform Unisex Sneakers - Black/White/Gum Honey,2,05-08-2023
//www.lazada.sg/products/converse-jack-purcell-gold-standard-canvas-ox-black-unisex-164056c-lf-i2643987232.html,CONVERSE Jack Purcell Gold Standard Canvas Ox Black Unisex 164056C (LF),2,05-08-2023
//www.lazada.sg/products/puma-cali-dream-blank-canvas-sneakers-women-white-i2739497718.html,PUMA Cali Dream Blank Canvas Sneakers Women (White).,2,05-08-2023
//www.lazada.sg/products/sperry-womens-crest-vibe-canvas-sneaker-white-sts81903-i1826584976.html,Sperry Women's Crest Vibe Canvas Sneaker - White (STS81903),2,05-08-2023
//www.lazada.sg/products/converse-chuck-70-plus-canvas-unisex-sneakers-black-i2613543052.html,Converse Chuck 70 Plus Canvas Unisex Sneakers - Black,2,05-08-2023
//www.lazada.sg/products/converse-jack-purcell-ox-mens-sneakers-shoes-white-i2613366941.html,Converse Jack Purcell Ox Men's Sneakers Shoes - White,2,05-08-2023
//www.lazada.sg/products/vans-suede-canvas-sk8-low-sneakers-women-unisex-us-size-green-vn0a5kxdsoj1-i2418660498.html,Vans Suede Canvas Sk8-Low Sneakers Women (Unisex US Size) GREEN VN0A5KXDSOJ1,2,05-08-2023
//www.lazada.sg/products/converse-ctas-floral-embroidery-unisex-sneakers-blackcheeky-coralwhite-i2764119295.html,Converse CTAS Floral Embroidery Unisex Sneakers - Black/Cheeky Coral/White,2,05-08-2023
//www.lazada.sg/products/converse-chuck-70-ox-parchment-162062c-unisex-lf-i2479111932.html,CONVERSE Chuck 70 Ox Parchment 162062c Unisex (LF),2,05-08-2023
//www.lazada.sg/products/fila-core-sofia-canvas-womens-fashion-morderno-sneakers-i2690307761.html,FILA CORE SOFIA CANVAS Women's Fashion Morderno Sneakers,2,05-08-2023
//www.lazada.sg/products/mothercare-navy-bear-canvas-shoes-i2849714653.html,Mothercare Navy Bear Canvas Shoes,2,05-08-2023
//www.lazada.sg/products/mothercare-pink-canvas-shoes-i2849735577.html,Mothercare Pink Canvas Shoes,2,05-08-2023
//www.lazada.sg/products/mothercare-blue-daisy-canvas-shoes-i2849798341.html,Mothercare Blue Daisy Canvas Shoes,2,05-08-2023
//www.lazada.sg/products/sperry-womens-lounge-away-2-washed-canvas-sneakers-mauve-berry-sts87649-i2422517514.html,Sperry Women's Lounge Away 2 Washed Canvas Sneakers - Mauve Berry (STS87649),2,05-08-2023
//www.lazada.sg/products/vans-suede-canvas-old-skool-stackform-sneakers-women-unisexussize-black-vn0a7q5m6bt1-i2628762583.html,Vans Suede Canvas Old Skool Stackform Sneakers Women (Unisex US Size) BLACK VN0A7Q5M6BT1,2,05-08-2023
//www.lazada.sg/products/converse-run-star-motion-canvas-platform-unisex-sneakers-black-i2613426165.html,Converse Run Star Motion Canvas Platform Unisex Sneakers - Black,2,05-08-2023
//www.lazada.sg/products/vans-canvas-authentic-stackform-sneakers-women-unisexussize-black-vn0a5kxxbmx1-i2628785509.html,Vans Canvas Authentic Stackform Sneakers Women (Unisex US Size) BLACK VN0A5KXXBMX1,2,05-08-2023
//www.lazada.sg/products/women-canvas-shoes-103-i2180266270.html,WOMEN CANVAS SHOES (103),2,05-08-2023
//www.lazada.sg/products/converse-jack-purcell-ox-mens-sneakers-shoes-black-i2613442072.html,Converse Jack Purcell Ox Men's Sneakers Shoes - Black,2,05-08-2023
//www.lazada.sg/products/converse-star-player-76-premium-canvas-mens-sneakers-white-i2639791084.html,Converse Star Player 76 Premium Canvas Men's Sneakers - White,2,05-08-2023
//www.lazada.sg/products/converse-chuck-taylor-all-star-ox-monochrome-black-m5039c-i2313239882.html,Converse Chuck Taylor All Star - Ox - Monochrome Black M5039C,2,05-08-2023
//www.lazada.sg/products/converse-run-star-motion-canvas-platform-unisex-sneakers-white-i2613388875.html,Converse Run Star Motion Canvas Platform Unisex Sneakers - White,2,05-08-2023
//www.lazada.sg/products/converse-ctas-construct-colorblock-mens-sneakers-tidepool-greycyber-grey-i2740738993.html,Converse Ctas Construct Colorblock Men's Sneakers - Tidepool Grey/Cyber Grey,2,05-08-2023
//www.lazada.sg/products/converse-unisex-run-star-motion-canvas-platform-sneakers-whiteblackgum-honey-i2613419183.html,Converse Unisex Run Star Motion Canvas Platform Sneakers - White/Black/Gum Honey,2,05-08-2023
//www.lazada.sg/products/converse-ctas-lift-platform-canvas-womens-sneakers-lucid-lilacvapor-violetegret-i2764160164.html,Converse CTAS Lift Platform Canvas Women's Sneakers - Lucid Lilac/Vapor Violet/Egret,2,05-08-2023
//www.lazada.sg/products/caterpillar-mens-hex-mid-canvas-sneaker-black-p111354-casual-streetwear-athleisure-shoes-trainers-i2837603705.html,Caterpillar Men's HEX + Mid Canvas Sneaker - Black (P111354) Casual Streetwear | Athleisure Shoes | Trainers,2,05-08-2023
//www.lazada.sg/products/vans-classic-slip-on-stackform-canvas-black-classic-white-lf-i2559500692.html,VANS Classic Slip On Stackform Canvas Black / Classic White (LF),2,05-08-2023
//www.lazada.sg/products/converse-chuck-70-at-cx-mens-sneakers-vintage-whiteegretblack-i2613423825.html,Converse Chuck 70 At-Cx Men's Sneakers - Vintage White/Egret/Black,2,05-08-2023
//www.lazada.sg/products/converse-jack-purcell-gold-standard-canvas-ox-white-unisex-164057c-lf-i2643981135.html,CONVERSE Jack Purcell Gold Standard Canvas Ox White Unisex 164057C (LF),2,05-08-2023
//www.lazada.sg/products/converse-chuck-taylor-all-star-move-canvas-platform-womens-sneakers-black-i2613424175.html,Converse Chuck Taylor All Star Move Canvas Platform Women's Sneakers - Black,3,05-08-2023
//www.lazada.sg/products/converse-womens-chuck-taylor-all-star-platform-canvas-sneakers-blackwhitewhite-i2613300869.html,CONVERSE WOMEN'S CHUCK TAYLOR ALL STAR PLATFORM CANVAS SNEAKERS - BLACK/WHITE/WHITE,3,05-08-2023
//www.lazada.sg/products/nike-womens-court-legacy-canvas-shoes-white-i2682965643.html,Nike Women's Court Legacy Canvas Shoes - White,3,05-08-2023
//www.lazada.sg/products/converse-chuck-taylor-all-star-move-canvas-platform-womens-sneakers-whitewhitewhite-i2613299846.html,Converse Chuck Taylor All Star Move Canvas Platform Women's Sneakers - White/White/White,3,05-08-2023
//www.lazada.sg/products/nike-womens-court-legacy-canvas-shoes-grey-i2817151243.html,Nike Women's Court Legacy Canvas Shoes - Grey,3,05-08-2023
//www.lazada.sg/products/converse-ctas-lift-platform-canvas-womens-sneakers-oat-milkoat-milk-i2764187038.html,Converse CTAS Lift Platform Canvas Women's Sneakers - Oat Milk/Oat Milk,3,05-08-2023
//www.lazada.sg/products/converse-jack-purcell-ox-mens-sneakers-shoes-white-i2613366941.html,Converse Jack Purcell Ox Men's Sneakers Shoes - White,3,05-08-2023
//www.lazada.sg/products/converse-womens-chuck-taylor-all-star-platform-canvas-white-i2613422284.html,Converse Women's Chuck Taylor All Star Platform Canvas - White,3,05-08-2023
//www.lazada.sg/products/mothercare-pink-canvas-shoes-i2849735577.html,Mothercare Pink Canvas Shoes,3,05-08-2023
//www.lazada.sg/products/converse-run-star-motion-canvas-platform-unisex-sneakers-blackwhitegum-honey-i2613369796.html,Converse Run Star Motion Canvas Platform Unisex Sneakers - Black/White/Gum Honey,3,05-08-2023
//www.lazada.sg/products/nike-womens-court-legacy-canvas-shoe-black-i1625248899.html,Nike Women's Court Legacy Canvas Shoe - Black,3,05-08-2023
//www.lazada.sg/products/nike-womens-court-legacy-canvas-shoe-white-i1625270623.html,Nike Women's Court Legacy Canvas Shoe - White,3,05-08-2023
//www.lazada.sg/products/sperry-womens-crest-vibe-canvas-sneaker-navy-sts81904-i1826673747.html,Sperry Women's Crest Vibe Canvas Sneaker - Navy (STS81904),3,05-08-2023
//www.lazada.sg/products/women-canvas-shoes-103-i2180266270.html,WOMEN CANVAS SHOES (103),3,05-08-2023
//www.lazada.sg/products/converse-star-player-76-premium-canvas-mens-sneakers-vintage-whitemidnight-clover-i2740821362.html,Converse Star Player 76 Premium Canvas Men's Sneakers - Vintage White/Midnight Clover,3,05-08-2023
//www.lazada.sg/products/sperry-womens-crest-vibe-canvas-sneaker-white-sts81903-i1826584976.html,Sperry Women's Crest Vibe Canvas Sneaker - White (STS81903),3,05-08-2023
//www.lazada.sg/products/sperry-womens-lounge-away-2-washed-canvas-sneakers-mauve-berry-sts87649-i2422517514.html,Sperry Women's Lounge Away 2 Washed Canvas Sneakers - Mauve Berry (STS87649),3,05-08-2023
//www.lazada.sg/products/converse-jack-purcell-gold-standard-canvas-ox-black-unisex-164056c-lf-i2643987232.html,CONVERSE Jack Purcell Gold Standard Canvas Ox Black Unisex 164056C (LF),3,05-08-2023
//www.lazada.sg/products/womens-grandpr-rally-canvas-court-sneaker-i2587037888.html,Women's GrandPrø Rally Canvas Court Sneaker,3,05-08-2023
//www.lazada.sg/products/converse-jack-purcell-gold-standard-canvas-ox-white-unisex-164057c-lf-i2643981135.html,CONVERSE Jack Purcell Gold Standard Canvas Ox White Unisex 164057C (LF),3,05-08-2023
//www.lazada.sg/products/puma-cali-dream-blank-canvas-sneakers-women-white-i2739497718.html,PUMA Cali Dream Blank Canvas Sneakers Women (White).,3,05-08-2023
//www.lazada.sg/products/womens-grandpr-rally-canvas-court-sneaker-i2581420127.html,Women's GrandPrø Rally Canvas Court Sneaker,3,05-08-2023
//www.lazada.sg/products/vans-canvas-authentic-stackform-sneakers-women-unisexussize-black-vn0a5kxxbmx1-i2628785509.html,Vans Canvas Authentic Stackform Sneakers Women (Unisex US Size) BLACK VN0A5KXXBMX1,3,05-08-2023
//www.lazada.sg/products/vans-suede-canvas-old-skool-stackform-sneakers-women-unisexussize-black-vn0a7q5m6bt1-i2628762583.html,Vans Suede Canvas Old Skool Stackform Sneakers Women (Unisex US Size) BLACK VN0A7Q5M6BT1,3,05-08-2023
//www.lazada.sg/products/converse-run-star-motion-canvas-platform-unisex-sneakers-black-i2613426165.html,Converse Run Star Motion Canvas Platform Unisex Sneakers - Black,3,05-08-2023
//www.lazada.sg/products/converse-chuck-70-plus-canvas-unisex-sneakers-black-i2613543052.html,Converse Chuck 70 Plus Canvas Unisex Sneakers - Black,3,05-08-2023
//www.lazada.sg/products/vans-suede-canvas-sk8-low-sneakers-women-unisex-us-size-green-vn0a5kxdsoj1-i2418660498.html,Vans Suede Canvas Sk8-Low Sneakers Women (Unisex US Size) GREEN VN0A5KXDSOJ1,3,05-08-2023
//www.lazada.sg/products/converse-chuck-taylor-all-star-ox-monochrome-black-m5039c-i2313239882.html,Converse Chuck Taylor All Star - Ox - Monochrome Black M5039C,3,05-08-2023
//www.lazada.sg/products/converse-star-player-76-premium-canvas-mens-sneakers-white-i2639791084.html,Converse Star Player 76 Premium Canvas Men's Sneakers - White,3,05-08-2023
//www.lazada.sg/products/womens-grandpr-rally-canvas-court-sneaker-i2584800771.html,Women's GrandPrø Rally Canvas Court Sneaker,3,05-08-2023
//www.lazada.sg/products/converse-jack-purcell-ox-mens-sneakers-shoes-black-i2613442072.html,Converse Jack Purcell Ox Men's Sneakers Shoes - Black,3,05-08-2023
//www.lazada.sg/products/fila-core-sofia-canvas-womens-fashion-morderno-sneakers-i2690307761.html,FILA CORE SOFIA CANVAS Women's Fashion Morderno Sneakers,3,05-08-2023
//www.lazada.sg/products/monogram-canvas-sneakers-i2814075499.html,Monogram canvas sneakers,3,05-08-2023
//www.lazada.sg/products/womens-grandpr-rally-canvas-court-sneaker-i2581298959.html,Women's GrandPrø Rally Canvas Court Sneaker,3,05-08-2023
//www.lazada.sg/products/converse-ctas-lift-platform-canvas-womens-sneakers-lucid-lilacvapor-violetegret-i2764160164.html,Converse CTAS Lift Platform Canvas Women's Sneakers - Lucid Lilac/Vapor Violet/Egret,3,05-08-2023
//www.lazada.sg/products/converse-chuck-70-ox-parchment-162062c-unisex-lf-i2479111932.html,CONVERSE Chuck 70 Ox Parchment 162062c Unisex (LF),3,05-08-2023
//www.lazada.sg/products/vans-classic-slip-on-stackform-canvas-black-classic-white-lf-i2559500692.html,VANS Classic Slip On Stackform Canvas Black / Classic White (LF),3,05-08-2023
//www.lazada.sg/products/converse-chuck-70-at-cx-mens-sneakers-vintage-whiteegretblack-i2613423825.html,Converse Chuck 70 At-Cx Men's Sneakers - Vintage White/Egret/Black,3,05-08-2023
//www.lazada.sg/products/converse-ctas-construct-colorblock-mens-sneakers-tidepool-greycyber-grey-i2740738993.html,Converse Ctas Construct Colorblock Men's Sneakers - Tidepool Grey/Cyber Grey,3,05-08-2023
//www.lazada.sg/products/converse-run-star-motion-canvas-platform-unisex-sneakers-white-i2613388875.html,Converse Run Star Motion Canvas Platform Unisex Sneakers - White,3,05-08-2023
//www.lazada.sg/products/nike-womens-court-legacy-canvas-shoes-white-i2682965643.html,Nike Women's Court Legacy Canvas Shoes - White,4,05-08-2023
//www.lazada.sg/products/nike-womens-court-legacy-canvas-shoes-grey-i2817151243.html,Nike Women's Court Legacy Canvas Shoes - Grey,4,05-08-2023
//www.lazada.sg/products/converse-ctas-lift-platform-canvas-womens-sneakers-oat-milkoat-milk-i2764187038.html,Converse CTAS Lift Platform Canvas Women's Sneakers - Oat Milk/Oat Milk,4,05-08-2023
//www.lazada.sg/products/sperry-womens-crest-vibe-canvas-sneaker-navy-sts81904-i1826673747.html,Sperry Women's Crest Vibe Canvas Sneaker - Navy (STS81904),4,05-08-2023
//www.lazada.sg/products/converse-chuck-taylor-all-star-move-canvas-platform-womens-sneakers-black-i2613424175.html,Converse Chuck Taylor All Star Move Canvas Platform Women's Sneakers - Black,4,05-08-2023
//www.lazada.sg/products/nike-womens-court-legacy-canvas-shoe-black-i1625248899.html,Nike Women's Court Legacy Canvas Shoe - Black,4,05-08-2023
//www.lazada.sg/products/converse-womens-chuck-taylor-all-star-platform-canvas-sneakers-blackwhitewhite-i2613300869.html,CONVERSE WOMEN'S CHUCK TAYLOR ALL STAR PLATFORM CANVAS SNEAKERS - BLACK/WHITE/WHITE,4,05-08-2023
//www.lazada.sg/products/converse-chuck-taylor-all-star-move-canvas-platform-womens-sneakers-whitewhitewhite-i2613299846.html,Converse Chuck Taylor All Star Move Canvas Platform Women's Sneakers - White/White/White,4,05-08-2023
//www.lazada.sg/products/nike-womens-court-legacy-canvas-shoe-white-i1625270623.html,Nike Women's Court Legacy Canvas Shoe - White,4,05-08-2023
//www.lazada.sg/products/converse-jack-purcell-ox-mens-sneakers-shoes-white-i2613366941.html,Converse Jack Purcell Ox Men's Sneakers Shoes - White,4,05-08-2023
//www.lazada.sg/products/converse-chuck-taylor-all-star-ox-unisex-sneakers-optical-white-i2613435444.html,Converse Chuck Taylor All Star Ox Unisex Sneakers - Optical White,4,05-08-2023
//www.lazada.sg/products/converse-star-player-76-premium-canvas-mens-sneakers-vintage-whitemidnight-clover-i2740821362.html,Converse Star Player 76 Premium Canvas Men's Sneakers - Vintage White/Midnight Clover,4,05-08-2023
//www.lazada.sg/products/sperry-womens-crest-vibe-canvas-sneaker-white-sts81903-i1826584976.html,Sperry Women's Crest Vibe Canvas Sneaker - White (STS81903),4,05-08-2023
//www.lazada.sg/products/converse-womens-chuck-taylor-all-star-platform-canvas-white-i2613422284.html,Converse Women's Chuck Taylor All Star Platform Canvas - White,4,05-08-2023
//www.lazada.sg/products/women-canvas-shoes-103-i2180266270.html,WOMEN CANVAS SHOES (103),4,05-08-2023
//www.lazada.sg/products/sperry-womens-lounge-away-2-washed-canvas-sneakers-mauve-berry-sts87649-i2422517514.html,Sperry Women's Lounge Away 2 Washed Canvas Sneakers - Mauve Berry (STS87649),4,05-08-2023
//www.lazada.sg/products/converse-jack-purcell-gold-standard-canvas-ox-black-unisex-164056c-lf-i2643987232.html,CONVERSE Jack Purcell Gold Standard Canvas Ox Black Unisex 164056C (LF),4,05-08-2023
//www.lazada.sg/products/converse-jack-purcell-gold-standard-canvas-ox-white-unisex-164057c-lf-i2643981135.html,CONVERSE Jack Purcell Gold Standard Canvas Ox White Unisex 164057C (LF),4,05-08-2023
//www.lazada.sg/products/converse-run-star-motion-canvas-platform-unisex-sneakers-blackwhitegum-honey-i2613369796.html,Converse Run Star Motion Canvas Platform Unisex Sneakers - Black/White/Gum Honey,4,05-08-2023
//www.lazada.sg/products/converse-ctas-floral-embroidery-unisex-sneakers-blackcheeky-coralwhite-i2764119295.html,Converse CTAS Floral Embroidery Unisex Sneakers - Black/Cheeky Coral/White,4,05-08-2023
//www.lazada.sg/products/converse-run-star-motion-canvas-platform-unisex-sneakers-black-i2613426165.html,Converse Run Star Motion Canvas Platform Unisex Sneakers - Black,4,05-08-2023
//www.lazada.sg/products/converse-chuck-70-plus-canvas-unisex-sneakers-black-i2613543052.html,Converse Chuck 70 Plus Canvas Unisex Sneakers - Black,4,05-08-2023
//www.lazada.sg/products/womens-grandpr-rally-canvas-court-sneaker-i2587037888.html,Women's GrandPrø Rally Canvas Court Sneaker,4,05-08-2023
//www.lazada.sg/products/vans-suede-canvas-old-skool-stackform-sneakers-women-unisexussize-black-vn0a7q5m6bt1-i2628762583.html,Vans Suede Canvas Old Skool Stackform Sneakers Women (Unisex US Size) BLACK VN0A7Q5M6BT1,4,05-08-2023
//www.lazada.sg/products/puma-cali-dream-blank-canvas-sneakers-women-white-i2739497718.html,PUMA Cali Dream Blank Canvas Sneakers Women (White).,4,05-08-2023
//www.lazada.sg/products/vans-canvas-authentic-stackform-sneakers-women-unisexussize-black-vn0a5kxxbmx1-i2628785509.html,Vans Canvas Authentic Stackform Sneakers Women (Unisex US Size) BLACK VN0A5KXXBMX1,4,05-08-2023
//www.lazada.sg/products/womens-grandpr-rally-canvas-court-sneaker-i2581420127.html,Women's GrandPrø Rally Canvas Court Sneaker,4,05-08-2023
//www.lazada.sg/products/mothercare-navy-bear-canvas-shoes-i2849714653.html,Mothercare Navy Bear Canvas Shoes,4,05-08-2023
//www.lazada.sg/products/mothercare-pink-canvas-shoes-i2849735577.html,Mothercare Pink Canvas Shoes,4,05-08-2023
//www.lazada.sg/products/mothercare-blue-daisy-canvas-shoes-i2849798341.html,Mothercare Blue Daisy Canvas Shoes,4,05-08-2023
//www.lazada.sg/products/vans-suede-canvas-sk8-low-sneakers-women-unisex-us-size-green-vn0a5kxdsoj1-i2418660498.html,Vans Suede Canvas Sk8-Low Sneakers Women (Unisex US Size) GREEN VN0A5KXDSOJ1,4,05-08-2023
//www.lazada.sg/products/converse-jack-purcell-ox-mens-sneakers-shoes-black-i2613442072.html,Converse Jack Purcell Ox Men's Sneakers Shoes - Black,4,05-08-2023
//www.lazada.sg/products/converse-chuck-taylor-all-star-ox-monochrome-black-m5039c-i2313239882.html,Converse Chuck Taylor All Star - Ox - Monochrome Black M5039C,4,05-08-2023
//www.lazada.sg/products/converse-star-player-76-premium-canvas-mens-sneakers-white-i2639791084.html,Converse Star Player 76 Premium Canvas Men's Sneakers - White,4,05-08-2023
//www.lazada.sg/products/converse-chuck-70-ox-parchment-162062c-unisex-lf-i2479111932.html,CONVERSE Chuck 70 Ox Parchment 162062c Unisex (LF),4,05-08-2023
//www.lazada.sg/products/fila-core-sofia-canvas-womens-fashion-morderno-sneakers-i2690307761.html,FILA CORE SOFIA CANVAS Women's Fashion Morderno Sneakers,4,05-08-2023
//www.lazada.sg/products/womens-grandpr-rally-canvas-court-sneaker-i2584800771.html,Women's GrandPrø Rally Canvas Court Sneaker,4,05-08-2023
//www.lazada.sg/products/monogram-canvas-sneakers-i2814075499.html,Monogram canvas sneakers,4,05-08-2023
//www.lazada.sg/products/converse-ctas-lift-platform-canvas-womens-sneakers-lucid-lilacvapor-violetegret-i2764160164.html,Converse CTAS Lift Platform Canvas Women's Sneakers - Lucid Lilac/Vapor Violet/Egret,4,05-08-2023
//www.lazada.sg/products/womens-grandpr-rally-canvas-court-sneaker-i2581298959.html,Women's GrandPrø Rally Canvas Court Sneaker,4,05-08-2023
//www.lazada.sg/products/converse-chuck-taylor-all-star-move-canvas-platform-womens-sneakers-black-i2613424175.html,Converse Chuck Taylor All Star Move Canvas Platform Women's Sneakers - Black,5,05-08-2023
//www.lazada.sg/products/nike-womens-court-legacy-canvas-shoes-white-i2682965643.html,Nike Women's Court Legacy Canvas Shoes - White,5,05-08-2023
//www.lazada.sg/products/converse-ctas-lift-platform-canvas-womens-sneakers-oat-milkoat-milk-i2764187038.html,Converse CTAS Lift Platform Canvas Women's Sneakers - Oat Milk/Oat Milk,5,05-08-2023
//www.lazada.sg/products/sperry-womens-crest-vibe-canvas-sneaker-navy-sts81904-i1826673747.html,Sperry Women's Crest Vibe Canvas Sneaker - Navy (STS81904),5,05-08-2023
//www.lazada.sg/products/nike-womens-court-legacy-canvas-shoes-grey-i2817151243.html,Nike Women's Court Legacy Canvas Shoes - Grey,5,05-08-2023
//www.lazada.sg/products/converse-chuck-taylor-all-star-move-canvas-platform-womens-sneakers-whitewhitewhite-i2613299846.html,Converse Chuck Taylor All Star Move Canvas Platform Women's Sneakers - White/White/White,5,05-08-2023
//www.lazada.sg/products/converse-womens-chuck-taylor-all-star-platform-canvas-sneakers-blackwhitewhite-i2613300869.html,CONVERSE WOMEN'S CHUCK TAYLOR ALL STAR PLATFORM CANVAS SNEAKERS - BLACK/WHITE/WHITE,5,05-08-2023
//www.lazada.sg/products/converse-run-star-motion-canvas-platform-unisex-sneakers-blackwhitegum-honey-i2613369796.html,Converse Run Star Motion Canvas Platform Unisex Sneakers - Black/White/Gum Honey,5,05-08-2023
//www.lazada.sg/products/mothercare-navy-bear-canvas-shoes-i2849714653.html,Mothercare Navy Bear Canvas Shoes,5,05-08-2023
//www.lazada.sg/products/converse-jack-purcell-ox-mens-sneakers-shoes-white-i2613366941.html,Converse Jack Purcell Ox Men's Sneakers Shoes - White,5,05-08-2023
//www.lazada.sg/products/converse-womens-chuck-taylor-all-star-platform-canvas-white-i2613422284.html,Converse Women's Chuck Taylor All Star Platform Canvas - White,5,05-08-2023
//www.lazada.sg/products/nike-womens-court-legacy-canvas-shoe-white-i1625270623.html,Nike Women's Court Legacy Canvas Shoe - White,5,05-08-2023
//www.lazada.sg/products/converse-chuck-taylor-all-star-ox-unisex-sneakers-optical-white-i2613435444.html,Converse Chuck Taylor All Star Ox Unisex Sneakers - Optical White,5,05-08-2023
//www.lazada.sg/products/women-canvas-shoes-103-i2180266270.html,WOMEN CANVAS SHOES (103),5,05-08-2023
//www.lazada.sg/products/converse-star-player-76-premium-canvas-mens-sneakers-vintage-whitemidnight-clover-i2740821362.html,Converse Star Player 76 Premium Canvas Men's Sneakers - Vintage White/Midnight Clover,5,05-08-2023
//www.lazada.sg/products/sperry-womens-crest-vibe-canvas-sneaker-white-sts81903-i1826584976.html,Sperry Women's Crest Vibe Canvas Sneaker - White (STS81903),5,05-08-2023
//www.lazada.sg/products/sperry-womens-lounge-away-2-washed-canvas-sneakers-mauve-berry-sts87649-i2422517514.html,Sperry Women's Lounge Away 2 Washed Canvas Sneakers - Mauve Berry (STS87649),5,05-08-2023
//www.lazada.sg/products/nike-womens-court-legacy-canvas-shoe-black-i1625248899.html,Nike Women's Court Legacy Canvas Shoe - Black,5,05-08-2023
//www.lazada.sg/products/converse-jack-purcell-gold-standard-canvas-ox-black-unisex-164056c-lf-i2643987232.html,CONVERSE Jack Purcell Gold Standard Canvas Ox Black Unisex 164056C (LF),5,05-08-2023
//www.lazada.sg/products/converse-jack-purcell-gold-standard-canvas-ox-white-unisex-164057c-lf-i2643981135.html,CONVERSE Jack Purcell Gold Standard Canvas Ox White Unisex 164057C (LF),5,05-08-2023
//www.lazada.sg/products/womens-grandpr-rally-canvas-court-sneaker-i2587037888.html,Women's GrandPrø Rally Canvas Court Sneaker,5,05-08-2023
//www.lazada.sg/products/womens-grandpr-rally-canvas-court-sneaker-i2581420127.html,Women's GrandPrø Rally Canvas Court Sneaker,5,05-08-2023
//www.lazada.sg/products/puma-cali-dream-blank-canvas-sneakers-women-white-i2739497718.html,PUMA Cali Dream Blank Canvas Sneakers Women (White).,5,05-08-2023
//www.lazada.sg/products/converse-ctas-floral-embroidery-unisex-sneakers-blackcheeky-coralwhite-i2764119295.html,Converse CTAS Floral Embroidery Unisex Sneakers - Black/Cheeky Coral/White,5,05-08-2023
//www.lazada.sg/products/converse-run-star-motion-canvas-platform-unisex-sneakers-black-i2613426165.html,Converse Run Star Motion Canvas Platform Unisex Sneakers - Black,5,05-08-2023
//www.lazada.sg/products/vans-suede-canvas-old-skool-stackform-sneakers-women-unisexussize-black-vn0a7q5m6bt1-i2628762583.html,Vans Suede Canvas Old Skool Stackform Sneakers Women (Unisex US Size) BLACK VN0A7Q5M6BT1,5,05-08-2023
//www.lazada.sg/products/vans-canvas-authentic-stackform-sneakers-women-unisexussize-black-vn0a5kxxbmx1-i2628785509.html,Vans Canvas Authentic Stackform Sneakers Women (Unisex US Size) BLACK VN0A5KXXBMX1,5,05-08-2023
//www.lazada.sg/products/mothercare-pink-canvas-shoes-i2849735577.html,Mothercare Pink Canvas Shoes,5,05-08-2023
//www.lazada.sg/products/vans-suede-canvas-sk8-low-sneakers-women-unisex-us-size-green-vn0a5kxdsoj1-i2418660498.html,Vans Suede Canvas Sk8-Low Sneakers Women (Unisex US Size) GREEN VN0A5KXDSOJ1,5,05-08-2023
//www.lazada.sg/products/converse-chuck-70-plus-canvas-unisex-sneakers-black-i2613543052.html,Converse Chuck 70 Plus Canvas Unisex Sneakers - Black,5,05-08-2023
//www.lazada.sg/products/converse-chuck-taylor-all-star-ox-monochrome-black-m5039c-i2313239882.html,Converse Chuck Taylor All Star - Ox - Monochrome Black M5039C,5,05-08-2023
//www.lazada.sg/products/mothercare-blue-daisy-canvas-shoes-i2849798341.html,Mothercare Blue Daisy Canvas Shoes,5,05-08-2023
//www.lazada.sg/products/converse-jack-purcell-ox-mens-sneakers-shoes-black-i2613442072.html,Converse Jack Purcell Ox Men's Sneakers Shoes - Black,5,05-08-2023
//www.lazada.sg/products/converse-star-player-76-premium-canvas-mens-sneakers-white-i2639791084.html,Converse Star Player 76 Premium Canvas Men's Sneakers - White,5,05-08-2023
//www.lazada.sg/products/womens-grandpr-rally-canvas-court-sneaker-i2584800771.html,Women's GrandPrø Rally Canvas Court Sneaker,5,05-08-2023
//www.lazada.sg/products/fila-core-sofia-canvas-womens-fashion-morderno-sneakers-i2690307761.html,FILA CORE SOFIA CANVAS Women's Fashion Morderno Sneakers,5,05-08-2023
//www.lazada.sg/products/monogram-canvas-sneakers-i2814075499.html,Monogram canvas sneakers,5,05-08-2023
//www.lazada.sg/products/converse-chuck-70-ox-parchment-162062c-unisex-lf-i2479111932.html,CONVERSE Chuck 70 Ox Parchment 162062c Unisex (LF),5,05-08-2023
//www.lazada.sg/products/womens-grandpr-rally-canvas-court-sneaker-i2581298959.html,Women's GrandPrø Rally Canvas Court Sneaker,5,05-08-2023
//www.lazada.sg/products/vans-classic-slip-on-stackform-canvas-black-classic-white-lf-i2559500692.html,VANS Classic Slip On Stackform Canvas Black / Classic White (LF),5,05-08-2023
