lazada,NIL,Adidas,adidas Running Ultrabounce Shoes Men Black HP5797, ,No Price Reduction,$119.00 ,0,https://www.lazada.sg/products/adidas-running-ultrabounce-shoes-men-black-hp5797-i2759398885.html,https://lzd-img-global.slatic.net/g/p/ae006730f85d1945124ddc35069ae766.jpg_720x720q80.jpg_.webp,No product description available.,04-08-23
lazada,NIL,Adidas,adidas Running Duramo 10 Shoes Men Grey HP2380, ,$99.00 ,$79.20 ,0,https://www.lazada.sg/products/adidas-running-duramo-10-shoes-men-grey-hp2380-i2762251259.html,https://lzd-img-global.slatic.net/g/p/4f15ebbc0641d66d7a5c3e0d9b147930.jpg_720x720q80.jpg_.webp,No product description available.,04-08-23
lazada,NIL,Adidas,adidas Running Ultrabounce Shoes Men Red HP5775, ,No Price Reduction,$119.00 ,0,https://www.lazada.sg/products/adidas-running-ultrabounce-shoes-men-red-hp5775-i2759521442.html,https://lzd-img-global.slatic.net/g/p/664a8f541d30ec885a548ec97785d5b5.jpg_720x720q80.jpg_.webp,No product description available.,04-08-23
lazada,NIL,Adidas,adidas Lifestyle SUPERSTAR SHOES Unisex White EG4958, ,No Price Reduction,$159.00 ,41,https://www.lazada.sg/products/adidas-lifestyle-superstar-shoes-unisex-white-eg4958-i953588011.html,https://lzd-img-global.slatic.net/g/p/90182b15b4362585de4ade56052d6bac.jpg_720x720q80.jpg_.webp,No product description available.,04-08-23
lazada,NIL,Adidas,adidas Running Pureboost 22 Shoes Men Black GZ5174, ,$209.00 ,$146.30 ,0,https://www.lazada.sg/products/adidas-running-pureboost-22-shoes-men-black-gz5174-i2639628419.html,https://lzd-img-global.slatic.net/g/p/6bac998aaead408e06caacef92d5248e.jpg_720x720q80.jpg_.webp,No product description available.,04-08-23
lazada,NIL,Adidas,adidas Lifestyle SUPERSTAR SHOES Unisex White EG4960, ,No Price Reduction,$159.00 ,16,https://www.lazada.sg/products/adidas-lifestyle-superstar-shoes-unisex-white-eg4960-i1198150581.html,https://lzd-img-global.slatic.net/g/p/d70eb4dbfee78ccb489ee70c5124ce15.jpg_720x720q80.jpg_.webp,No product description available.,04-08-23
lazada,NIL,Adidas,adidas Lifestyle Stan Smith CS Shoes Men Blue ID2046, ,No Price Reduction,$149.00 ,0,https://www.lazada.sg/products/adidas-lifestyle-stan-smith-cs-shoes-men-blue-id2046-i2765716022.html,https://lzd-img-global.slatic.net/g/p/d95ed75ef42c4498db2b5b3d8612dec9.jpg_720x720q80.jpg_.webp,No product description available.,04-08-23
lazada,NIL,Adidas,adidas Running Duramo 9 Shoes Men White EG8665, ,$100.00 ,$50.00 ,62,https://www.lazada.sg/products/adidas-running-duramo-9-shoes-men-white-eg8665-i1996246852.html,https://lzd-img-global.slatic.net/g/p/aa5e3b471d07d241b29e7bc13b8c43a4.jpg_720x720q80.jpg_.webp,No product description available.,04-08-23
lazada,NIL,Adidas,adidas Tennis Gamecourt 2.0 Tennis Shoes Men Turquoise IG9566, ,No Price Reduction,$99.00 ,0,https://www.lazada.sg/products/adidas-tennis-gamecourt-20-tennis-shoes-men-turquoise-ig9566-i2765597706.html,https://lzd-img-global.slatic.net/g/p/fdeddffbb75d6d5280302f85d54fa58c.jpg_720x720q80.jpg_.webp,No product description available.,04-08-23
lazada,NIL,Adidas,adidas Basketball Hoops 2.0 Shoes Men White FY8629, ,No Price Reduction,$99.00 ,0,https://www.lazada.sg/products/adidas-basketball-hoops-20-shoes-men-white-fy8629-i2783965970.html,https://lzd-img-global.slatic.net/g/p/e5a39f09046c529ed47ac7fc211758a0.jpg_720x720q80.jpg_.webp,No product description available.,04-08-23
lazada,NIL,Adidas,adidas Tennis Defiant Speed Tennis Shoes Men White ID1508, ,No Price Reduction,$139.00 ,0,https://www.lazada.sg/products/adidas-tennis-defiant-speed-tennis-shoes-men-white-id1508-i2765589738.html,https://lzd-img-global.slatic.net/g/p/3082a535e69b3339919cb45d2c0ded5f.jpg_720x720q80.jpg_.webp,No product description available.,04-08-23
lazada,NIL,Adidas,adidas Running Galaxar Run Shoes Men White FX6895, ,$119.00 ,$95.20 ,126,https://www.lazada.sg/products/adidas-running-galaxar-run-shoes-men-white-fx6895-i2271038796.html,https://lzd-img-global.slatic.net/g/p/21adef6497395a3a9781441333994aa7.jpg_720x720q80.jpg_.webp,No product description available.,04-08-23
lazada,NIL,Adidas,adidas Lifestyle Nizza Shoes Men Black GX6094, ,No Price Reduction,$95.00 ,31,https://www.lazada.sg/products/adidas-lifestyle-nizza-shoes-men-black-gx6094-i2427260840.html,https://lzd-img-global.slatic.net/g/p/fe61bf5e9e3da8611d1deff8b6492489.jpg_720x720q80.jpg_.webp,No product description available.,04-08-23
lazada,NIL,Adidas,adidas Tennis Gamecourt 2.0 Tennis Shoes Men Black IG9567, ,No Price Reduction,$99.00 ,0,https://www.lazada.sg/products/adidas-tennis-gamecourt-20-tennis-shoes-men-black-ig9567-i2765545969.html,https://lzd-img-global.slatic.net/g/p/6b48b09139325670f1846ed855838f71.jpg_720x720q80.jpg_.webp,No product description available.,04-08-23
lazada,NIL,Adidas,adidas Lifestyle SUPERSTAR SHOES Unisex Black EG4957, ,No Price Reduction,$159.00 ,11,https://www.lazada.sg/products/adidas-lifestyle-superstar-shoes-unisex-black-eg4957-i2109473984.html,https://lzd-img-global.slatic.net/g/p/a9f8ca8c655e10b568169c96bfdc0d1d.jpg_720x720q80.jpg_.webp,No product description available.,04-08-23
lazada,NIL,Adidas,adidas Running Racer TR21 Shoes Men Green GZ8180, ,$119.00 ,$59.50 ,83,https://www.lazada.sg/products/adidas-running-racer-tr21-shoes-men-green-gz8180-i2440622520.html,https://lzd-img-global.slatic.net/g/p/3a8b14ee737f6c2c63ac770f8394eeb0.jpg_720x720q80.jpg_.webp,No product description available.,04-08-23
lazada,NIL,Adidas,adidas Running Questar Flow NXT Shoes Men Blue FY9561, ,No Price Reduction,$109.00 ,96,https://www.lazada.sg/products/adidas-running-questar-flow-nxt-shoes-men-blue-fy9561-i2432576510.html,https://lzd-img-global.slatic.net/g/p/a8252189948935a79d4c9e0ba1175110.jpg_720x720q80.jpg_.webp,No product description available.,04-08-23
lazada,NIL,Adidas,adidas Running Ultrabounce Wide Shoes Men Black HP6685, ,No Price Reduction,$119.00 ,0,https://www.lazada.sg/products/adidas-running-ultrabounce-wide-shoes-men-black-hp6685-i2849625597.html,https://lzd-img-global.slatic.net/g/p/e84cc5df589adfa064fc64a05fadac49.jpg_720x720q80.jpg_.webp,No product description available.,04-08-23
lazada,NIL,Adidas,adidas Running Duramo 10 Shoes Men Red HP2382, ,$99.00 ,$79.20 ,0,https://www.lazada.sg/products/adidas-running-duramo-10-shoes-men-red-hp2382-i2757691181.html,https://lzd-img-global.slatic.net/g/p/68cde33ea6c0738108fccd0c5a7ded79.jpg_720x720q80.jpg_.webp,No product description available.,04-08-23
lazada,NIL,Adidas,adidas Running Run 60s 2.0 Shoes Men Black FZ0961, ,No Price Reduction,$79.00 ,0,https://www.lazada.sg/products/adidas-running-run-60s-20-shoes-men-black-fz0961-i2765720048.html,https://lzd-img-global.slatic.net/g/p/2f6fa7b8f268305332e7fd5fd1969138.jpg_720x720q80.jpg_.webp,No product description available.,04-08-23
lazada,NIL,Adidas,adidas Basketball Forum Low Shoes Men White IE7175, ,No Price Reduction,$159.00 ,0,https://www.lazada.sg/products/adidas-basketball-forum-low-shoes-men-white-ie7175-i2765724072.html,https://lzd-img-global.slatic.net/g/p/2ae5e97644b349607ddfdae137c68053.jpg_720x720q80.jpg_.webp,No product description available.,04-08-23
lazada,NIL,Adidas,adidas Lifestyle Campus 00s Shoes Men Blue GY9473, ,No Price Reduction,$140.00 ,42,https://www.lazada.sg/products/adidas-lifestyle-campus-00s-shoes-men-blue-gy9473-i2434698415.html,https://lzd-img-global.slatic.net/g/p/bc9bc02fcac30248d018964b72922eec.jpg_720x720q80.jpg_.webp,No product description available.,04-08-23
lazada,NIL,Adidas,adidas Tennis Grand Court Cloudfoam Comfort Shoes Men White ID4467, ,No Price Reduction,$109.00 ,0,https://www.lazada.sg/products/adidas-tennis-grand-court-cloudfoam-comfort-shoes-men-white-id4467-i2765684145.html,https://lzd-img-global.slatic.net/g/p/777cc0e7fd43581517303c9bb811c258.jpg_720x720q80.jpg_.webp,No product description available.,04-08-23
lazada,NIL,Adidas,adidas Lifestyle NMD R1 Primeblue Shoes Men Black GZ9256, ,No Price Reduction,$219.00 ,26,https://www.lazada.sg/products/adidas-lifestyle-nmd-r1-primeblue-shoes-men-black-gz9256-i1932269479.html,https://lzd-img-global.slatic.net/g/p/f2ea1daac670c79260be80221e334041.jpg_720x720q80.jpg_.webp,No product description available.,04-08-23
lazada,NIL,Adidas,adidas Tennis Breaknet 2.0 Shoes Men White ID7110, ,No Price Reduction,$79.00 ,0,https://www.lazada.sg/products/adidas-tennis-breaknet-20-shoes-men-white-id7110-i2765600579.html,https://lzd-img-global.slatic.net/g/p/2c15753855f43d7d9fc9d5411869082a.jpg_720x720q80.jpg_.webp,No product description available.,04-08-23
lazada,NIL,Adidas,adidas Lifestyle Advantage Shoes Men White ID9644, ,No Price Reduction,$99.00 ,0,https://www.lazada.sg/products/adidas-lifestyle-advantage-shoes-men-white-id9644-i2807923765.html,https://lzd-img-global.slatic.net/g/p/d3778fd0865e97693b8cdacebe9b3a46.jpg_720x720q80.jpg_.webp,No product description available.,04-08-23
lazada,NIL,Adidas,adidas Basketball Rivalry Hi Shoes Men White FZ6315, ,$159.00 ,$111.30 ,0,https://www.lazada.sg/products/adidas-basketball-rivalry-hi-shoes-men-white-fz6315-i2757678577.html,https://lzd-img-global.slatic.net/g/p/ec91eab24374349b94e97c33fe9c30f2.jpg_720x720q80.jpg_.webp,No product description available.,04-08-23
lazada,NIL,Adidas,adidas Basketball Forum 84 Low Shoes Men White IE9935, ,No Price Reduction,$169.00 ,0,https://www.lazada.sg/products/adidas-basketball-forum-84-low-shoes-men-white-ie9935-i2765673242.html,https://lzd-img-global.slatic.net/g/p/20233f4134f6ab9536f05af54f4dbff0.jpg_720x720q80.jpg_.webp,No product description available.,04-08-23
lazada,NIL,Adidas,adidas Running Supernova 2 Running Shoes Men White GW9089, ,$159.00 ,$111.30 ,0,https://www.lazada.sg/products/adidas-running-supernova-2-running-shoes-men-white-gw9089-i2350344820.html,https://lzd-img-global.slatic.net/g/p/a8a0138e874304cfa4355db7d5bcdd51.jpg_720x720q80.jpg_.webp,No product description available.,04-08-23
lazada,NIL,Adidas,adidas Tennis Grand Court Cloudfoam Comfort Shoes Men White ID4465, ,No Price Reduction,$109.00 ,0,https://www.lazada.sg/products/adidas-tennis-grand-court-cloudfoam-comfort-shoes-men-white-id4465-i2765707094.html,https://lzd-img-global.slatic.net/g/p/f44a8fc631c66690bf4df5ee69962195.jpg_720x720q80.jpg_.webp,No product description available.,04-08-23
lazada,NIL,Adidas,adidas Lifestyle SUPERSTAR SHOES Unisex Black EG4959, ,No Price Reduction,$159.00 ,24,https://www.lazada.sg/products/adidas-lifestyle-superstar-shoes-unisex-black-eg4959-i953542917.html,https://lzd-img-global.slatic.net/g/p/39d28742ad33b58f40265f9efbc043ef.jpg_720x720q80.jpg_.webp,No product description available.,04-08-23
lazada,NIL,Adidas,adidas Tennis CourtJam Control Tennis Shoes Men Black ID1535, ,No Price Reduction,$119.00 ,0,https://www.lazada.sg/products/adidas-tennis-courtjam-control-tennis-shoes-men-black-id1535-i2765575843.html,https://lzd-img-global.slatic.net/g/p/f28d654fffdc278135eee9d265e40212.jpg_720x720q80.jpg_.webp,No product description available.,04-08-23
lazada,NIL,Adidas,adidas Lifestyle Adimatic Shoes Men Grey IE9863, ,No Price Reduction,$159.00 ,0,https://www.lazada.sg/products/adidas-lifestyle-adimatic-shoes-men-grey-ie9863-i2765616465.html,https://lzd-img-global.slatic.net/g/p/d608f6f45a4df3adbe7f211a4de8e6ff.jpg_720x720q80.jpg_.webp,No product description available.,04-08-23
lazada,NIL,Adidas,adidas Lifestyle NMD R1 Shoes Men Grey IF8030, ,No Price Reduction,$209.00 ,0,https://www.lazada.sg/products/adidas-lifestyle-nmd-r1-shoes-men-grey-if8030-i2835600520.html,https://lzd-img-global.slatic.net/g/p/d81e8d5a890ef9d0aa7debabb45f68a2.jpg_720x720q80.jpg_.webp,No product description available.,04-08-23
lazada,NIL,Adidas,adidas Running Ultraboost 1.0 Shoes Men White HQ6172, ,No Price Reduction,$289.00 ,0,https://www.lazada.sg/products/adidas-running-ultraboost-10-shoes-men-white-hq6172-i2758129512.html,https://lzd-img-global.slatic.net/g/p/96a8e534dfe15bb1bc8c8aad50b4a221.jpg_720x720q80.jpg_.webp,No product description available.,04-08-23
lazada,NIL,Adidas,adidas Lifestyle Stan Smith Shoes Men White ID2006, ,No Price Reduction,$169.00 ,0,https://www.lazada.sg/products/adidas-lifestyle-stan-smith-shoes-men-white-id2006-i2765707057.html,https://lzd-img-global.slatic.net/g/p/1b2ac36997fe9f69c8a2b0ca43a7d557.jpg_720x720q80.jpg_.webp,No product description available.,04-08-23
lazada,NIL,Adidas,adidas Lifestyle Stan Smith Shoes Men White ID2007, ,No Price Reduction,$169.00 ,0,https://www.lazada.sg/products/adidas-lifestyle-stan-smith-shoes-men-white-id2007-i2784241264.html,https://lzd-img-global.slatic.net/g/p/43a2b5997a8fe37c95eb945540b250a3.jpg_720x720q80.jpg_.webp,No product description available.,04-08-23
lazada,NIL,Adidas,adidas Lifestyle Stan Smith CS Shoes Men Red ID2044, ,No Price Reduction,$149.00 ,0,https://www.lazada.sg/products/adidas-lifestyle-stan-smith-cs-shoes-men-red-id2044-i2765703072.html,https://lzd-img-global.slatic.net/g/p/a8b2f4cc1232d574bd30b6f5236f990f.jpg_720x720q80.jpg_.webp,No product description available.,04-08-23
lazada,NIL,Adidas,adidas Running Duramo 10 Shoes Men Grey HP2381, ,$99.00 ,$79.20 ,0,https://www.lazada.sg/products/adidas-running-duramo-10-shoes-men-grey-hp2381-i2762175750.html,https://lzd-img-global.slatic.net/g/p/0250235b9b891cc1c69e3ffff67a92c1.jpg_720x720q80.jpg_.webp,No product description available.,04-08-23
lazada,NIL,Adidas,adidas Running Questar Flow NXT Shoes Men Black GZ8102, ,No Price Reduction,$109.00 ,62,https://www.lazada.sg/products/adidas-running-questar-flow-nxt-shoes-men-black-gz8102-i2432577476.html,https://lzd-img-global.slatic.net/g/p/d8f15ce78df409c61ea6fe72a2b235b4.jpg_720x720q80.jpg_.webp,No product description available.,04-08-23
lazada,NIL,Adidas,adidas Running Ultrabounce Shoes Men Black HP5797, ,No Price Reduction,$119.00 ,0,https://www.lazada.sg/products/adidas-running-ultrabounce-shoes-men-black-hp5797-i2759398885.html,https://lzd-img-global.slatic.net/g/p/ae006730f85d1945124ddc35069ae766.jpg_720x720q80.jpg_.webp,No product description available.,04-08-23
lazada,NIL,Adidas,adidas Running Duramo 10 Shoes Men Grey HP2380, ,$99.00 ,$79.20 ,0,https://www.lazada.sg/products/adidas-running-duramo-10-shoes-men-grey-hp2380-i2762251259.html,https://lzd-img-global.slatic.net/g/p/4f15ebbc0641d66d7a5c3e0d9b147930.jpg_720x720q80.jpg_.webp,No product description available.,04-08-23
lazada,NIL,Adidas,adidas Running Ultrabounce Shoes Men Red HP5775, ,No Price Reduction,$119.00 ,0,https://www.lazada.sg/products/adidas-running-ultrabounce-shoes-men-red-hp5775-i2759521442.html,https://lzd-img-global.slatic.net/g/p/664a8f541d30ec885a548ec97785d5b5.jpg_720x720q80.jpg_.webp,No product description available.,04-08-23
lazada,NIL,Adidas,adidas Running Duramo 9 Shoes Men White EG8665, ,$100.00 ,$50.00 ,62,https://www.lazada.sg/products/adidas-running-duramo-9-shoes-men-white-eg8665-i1996246852.html,https://lzd-img-global.slatic.net/g/p/aa5e3b471d07d241b29e7bc13b8c43a4.jpg_720x720q80.jpg_.webp,No product description available.,04-08-23
lazada,NIL,Adidas,adidas Running Adizero SL Wide Lightstrike Running Shoes Men Black IE9389, ,No Price Reduction,$169.00 ,0,https://www.lazada.sg/products/adidas-running-adizero-sl-wide-lightstrike-running-shoes-men-black-ie9389-i2849833002.html,https://lzd-img-global.slatic.net/g/p/e7dcc83b143fb268262b71a5ac0c0cbf.jpg_720x720q80.jpg_.webp,No product description available.,04-08-23
lazada,NIL,Adidas,adidas Running Adizero Adios 7 Shoes Men White GY2588, ,No Price Reduction,$189.00 ,0,https://www.lazada.sg/products/adidas-running-adizero-adios-7-shoes-men-white-gy2588-i2758136498.html,https://lzd-img-global.slatic.net/g/p/5d42419c15cba34f9910710c710b0584.jpg_720x720q80.jpg_.webp,No product description available.,04-08-23
lazada,NIL,Adidas,adidas Running Duramo Speed Shoes Men Black IE7267, ,No Price Reduction,$119.00 ,0,https://www.lazada.sg/products/adidas-running-duramo-speed-shoes-men-black-ie7267-i2849659969.html,https://lzd-img-global.slatic.net/g/p/fb632e9cf3ffc09f4e5990a179666c0f.jpg_720x720q80.jpg_.webp,No product description available.,04-08-23
lazada,NIL,Adidas,adidas Tennis Gamecourt 2.0 Tennis Shoes Men Turquoise IG9566, ,No Price Reduction,$99.00 ,0,https://www.lazada.sg/products/adidas-tennis-gamecourt-20-tennis-shoes-men-turquoise-ig9566-i2765597706.html,https://lzd-img-global.slatic.net/g/p/fdeddffbb75d6d5280302f85d54fa58c.jpg_720x720q80.jpg_.webp,No product description available.,04-08-23
lazada,NIL,Adidas,adidas Running Duramo Speed Shoes Men Black ID9850, ,No Price Reduction,$119.00 ,0,https://www.lazada.sg/products/adidas-running-duramo-speed-shoes-men-black-id9850-i2849814044.html,https://lzd-img-global.slatic.net/g/p/f13ecb8d7c4444d51a46a85530657e58.jpg_720x720q80.jpg_.webp,No product description available.,04-08-23
lazada,NIL,Adidas,adidas Running Pureboost 22 Shoes Men Black GZ5174, ,$209.00 ,$146.30 ,0,https://www.lazada.sg/products/adidas-running-pureboost-22-shoes-men-black-gz5174-i2639628419.html,https://lzd-img-global.slatic.net/g/p/6bac998aaead408e06caacef92d5248e.jpg_720x720q80.jpg_.webp,No product description available.,04-08-23
lazada,NIL,Adidas,adidas Running Ultrabounce Wide Shoes Men Black HP6684, ,No Price Reduction,$119.00 ,0,https://www.lazada.sg/products/adidas-running-ultrabounce-wide-shoes-men-black-hp6684-i2849799152.html,https://lzd-img-global.slatic.net/g/p/f652441dce427381bc67c04eaf4ed8d4.jpg_720x720q80.jpg_.webp,No product description available.,04-08-23
lazada,NIL,Adidas,adidas Running Galaxar Run Shoes Men White FX6895, ,$119.00 ,$95.20 ,126,https://www.lazada.sg/products/adidas-running-galaxar-run-shoes-men-white-fx6895-i2271038796.html,https://lzd-img-global.slatic.net/g/p/21adef6497395a3a9781441333994aa7.jpg_720x720q80.jpg_.webp,No product description available.,04-08-23
lazada,NIL,Adidas,adidas Lifestyle SUPERSTAR SHOES Unisex White EG4960, ,No Price Reduction,$159.00 ,16,https://www.lazada.sg/products/adidas-lifestyle-superstar-shoes-unisex-white-eg4960-i1198150581.html,https://lzd-img-global.slatic.net/g/p/d70eb4dbfee78ccb489ee70c5124ce15.jpg_720x720q80.jpg_.webp,No product description available.,04-08-23
lazada,NIL,Adidas,adidas Tennis Defiant Speed Tennis Shoes Men White ID1508, ,No Price Reduction,$139.00 ,0,https://www.lazada.sg/products/adidas-tennis-defiant-speed-tennis-shoes-men-white-id1508-i2765589738.html,https://lzd-img-global.slatic.net/g/p/3082a535e69b3339919cb45d2c0ded5f.jpg_720x720q80.jpg_.webp,No product description available.,04-08-23
lazada,NIL,Adidas,adidas Basketball Hoops 2.0 Shoes Men White FY8629, ,No Price Reduction,$99.00 ,0,https://www.lazada.sg/products/adidas-basketball-hoops-20-shoes-men-white-fy8629-i2783965970.html,https://lzd-img-global.slatic.net/g/p/e5a39f09046c529ed47ac7fc211758a0.jpg_720x720q80.jpg_.webp,No product description available.,04-08-23
lazada,NIL,Adidas,adidas Lifestyle Stan Smith Recon Shoes Men Grey GW2233, ,No Price Reduction,$269.00 ,0,https://www.lazada.sg/products/adidas-lifestyle-stan-smith-recon-shoes-men-grey-gw2233-i2759456832.html,https://lzd-img-global.slatic.net/g/p/76ce49243e5912fade23be18f8fe9398.jpg_720x720q80.jpg_.webp,No product description available.,04-08-23
lazada,NIL,Adidas,adidas Tennis Gamecourt 2.0 Tennis Shoes Men Black IG9567, ,No Price Reduction,$99.00 ,0,https://www.lazada.sg/products/adidas-tennis-gamecourt-20-tennis-shoes-men-black-ig9567-i2765545969.html,https://lzd-img-global.slatic.net/g/p/6b48b09139325670f1846ed855838f71.jpg_720x720q80.jpg_.webp,No product description available.,04-08-23
lazada,NIL,Adidas,adidas Lifestyle SUPERSTAR SHOES Unisex White EG4958, ,No Price Reduction,$159.00 ,41,https://www.lazada.sg/products/adidas-lifestyle-superstar-shoes-unisex-white-eg4958-i953588011.html,https://lzd-img-global.slatic.net/g/p/90182b15b4362585de4ade56052d6bac.jpg_720x720q80.jpg_.webp,No product description available.,04-08-23
lazada,NIL,Adidas,adidas Running Supernova 3 Running Shoes Men Blue IE4359, ,No Price Reduction,$159.00 ,0,https://www.lazada.sg/products/adidas-running-supernova-3-running-shoes-men-blue-ie4359-i2849703436.html,https://lzd-img-global.slatic.net/g/p/c0079132bee0e994ba790f660463e206.jpg_720x720q80.jpg_.webp,No product description available.,04-08-23
lazada,NIL,Adidas,adidas Lifestyle Nizza Shoes Men Black GX6094, ,No Price Reduction,$95.00 ,31,https://www.lazada.sg/products/adidas-lifestyle-nizza-shoes-men-black-gx6094-i2427260840.html,https://lzd-img-global.slatic.net/g/p/fe61bf5e9e3da8611d1deff8b6492489.jpg_720x720q80.jpg_.webp,No product description available.,04-08-23
lazada,NIL,Adidas,adidas Lifestyle Stan Smith CS Shoes Men Blue ID2046, ,No Price Reduction,$149.00 ,0,https://www.lazada.sg/products/adidas-lifestyle-stan-smith-cs-shoes-men-blue-id2046-i2765716022.html,https://lzd-img-global.slatic.net/g/p/d95ed75ef42c4498db2b5b3d8612dec9.jpg_720x720q80.jpg_.webp,No product description available.,04-08-23
lazada,NIL,Adidas,adidas Lifestyle Stan Smith Recon Shoes Men White H06187, ,No Price Reduction,$269.00 ,0,https://www.lazada.sg/products/adidas-lifestyle-stan-smith-recon-shoes-men-white-h06187-i2768132670.html,https://lzd-img-global.slatic.net/g/p/5a92233679e73eeab2022c421441fe9c.jpg_720x720q80.jpg_.webp,No product description available.,04-08-23
lazada,NIL,Adidas,adidas Running Racer TR21 Shoes Men Green GZ8180, ,$119.00 ,$59.50 ,83,https://www.lazada.sg/products/adidas-running-racer-tr21-shoes-men-green-gz8180-i2440622520.html,https://lzd-img-global.slatic.net/g/p/3a8b14ee737f6c2c63ac770f8394eeb0.jpg_720x720q80.jpg_.webp,No product description available.,04-08-23
lazada,NIL,Adidas,adidas Running Run 60s 2.0 Shoes Men Black FZ0961, ,No Price Reduction,$79.00 ,0,https://www.lazada.sg/products/adidas-running-run-60s-20-shoes-men-black-fz0961-i2765720048.html,https://lzd-img-global.slatic.net/g/p/2f6fa7b8f268305332e7fd5fd1969138.jpg_720x720q80.jpg_.webp,No product description available.,04-08-23
lazada,NIL,Adidas,adidas Running Duramo 10 Shoes Men Red HP2382, ,$99.00 ,$79.20 ,0,https://www.lazada.sg/products/adidas-running-duramo-10-shoes-men-red-hp2382-i2757691181.html,https://lzd-img-global.slatic.net/g/p/68cde33ea6c0738108fccd0c5a7ded79.jpg_720x720q80.jpg_.webp,No product description available.,04-08-23
lazada,NIL,Adidas,adidas Lifestyle NMD V3 Shoes Men Brown FZ6496, ,No Price Reduction,$259.00 ,0,https://www.lazada.sg/products/adidas-lifestyle-nmd-v3-shoes-men-brown-fz6496-i2838833729.html,https://lzd-img-global.slatic.net/g/p/17d0756fec59555e51d5cc7e03c7f3dc.jpg_720x720q80.jpg_.webp,No product description available.,04-08-23
lazada,NIL,Adidas,adidas Running Ultrabounce Wide Shoes Men Black HP6685, ,No Price Reduction,$119.00 ,0,https://www.lazada.sg/products/adidas-running-ultrabounce-wide-shoes-men-black-hp6685-i2849625597.html,https://lzd-img-global.slatic.net/g/p/e84cc5df589adfa064fc64a05fadac49.jpg_720x720q80.jpg_.webp,No product description available.,04-08-23
lazada,NIL,Adidas,adidas Tennis Breaknet 2.0 Shoes Men White ID7110, ,No Price Reduction,$79.00 ,0,https://www.lazada.sg/products/adidas-tennis-breaknet-20-shoes-men-white-id7110-i2765600579.html,https://lzd-img-global.slatic.net/g/p/2c15753855f43d7d9fc9d5411869082a.jpg_720x720q80.jpg_.webp,No product description available.,04-08-23
lazada,NIL,Adidas,adidas Running Solarboost 5 Shoes Men White GW1962, ,No Price Reduction,$229.00 ,0,https://www.lazada.sg/products/adidas-running-solarboost-5-shoes-men-white-gw1962-i2759478361.html,https://lzd-img-global.slatic.net/g/p/7619ec448bc13f68e5b43a7c793e72fe.jpg_720x720q80.jpg_.webp,No product description available.,04-08-23
lazada,NIL,Adidas,adidas Basketball Forum Low Shoes Men White IE7175, ,No Price Reduction,$159.00 ,0,https://www.lazada.sg/products/adidas-basketball-forum-low-shoes-men-white-ie7175-i2765724072.html,https://lzd-img-global.slatic.net/g/p/2ae5e97644b349607ddfdae137c68053.jpg_720x720q80.jpg_.webp,No product description available.,04-08-23
lazada,NIL,Adidas,adidas Basketball Hoops 2.0 Shoes Men Black FY8626, ,No Price Reduction,$99.00 ,0,https://www.lazada.sg/products/adidas-basketball-hoops-20-shoes-men-black-fy8626-i2765620404.html,https://lzd-img-global.slatic.net/g/p/abde29660005366aae450d878fa0eb0c.jpg_720x720q80.jpg_.webp,No product description available.,04-08-23
lazada,NIL,Adidas,adidas Running Questar Flow NXT Shoes Men Blue FY9561, ,No Price Reduction,$109.00 ,96,https://www.lazada.sg/products/adidas-running-questar-flow-nxt-shoes-men-blue-fy9561-i2432576510.html,https://lzd-img-global.slatic.net/g/p/a8252189948935a79d4c9e0ba1175110.jpg_720x720q80.jpg_.webp,No product description available.,04-08-23
lazada,NIL,Adidas,adidas Tennis Courtflash Speed Tennis Shoes Men Black IG9537, ,No Price Reduction,$99.00 ,0,https://www.lazada.sg/products/adidas-tennis-courtflash-speed-tennis-shoes-men-black-ig9537-i2765709108.html,https://lzd-img-global.slatic.net/g/p/2929e4bf6cad60555cf8c4e6d44acc06.jpg_720x720q80.jpg_.webp,No product description available.,04-08-23
lazada,NIL,Adidas,adidas Lifestyle SUPERSTAR SHOES Unisex Black EG4957, ,No Price Reduction,$159.00 ,11,https://www.lazada.sg/products/adidas-lifestyle-superstar-shoes-unisex-black-eg4957-i2109473984.html,https://lzd-img-global.slatic.net/g/p/a9f8ca8c655e10b568169c96bfdc0d1d.jpg_720x720q80.jpg_.webp,No product description available.,04-08-23
lazada,NIL,Adidas,adidas Tennis Breaknet 2.0 Shoes Men White ID9554, ,No Price Reduction,$79.00 ,0,https://www.lazada.sg/products/adidas-tennis-breaknet-20-shoes-men-white-id9554-i2765653261.html,https://lzd-img-global.slatic.net/g/p/584c3c830f82b611971a0b1303ce951e.jpg_720x720q80.jpg_.webp,No product description available.,04-08-23
lazada,NIL,Adidas,adidas Basketball Rivalry Hi Shoes Men White FZ6315, ,$159.00 ,$111.30 ,0,https://www.lazada.sg/products/adidas-basketball-rivalry-hi-shoes-men-white-fz6315-i2757678577.html,https://lzd-img-global.slatic.net/g/p/ec91eab24374349b94e97c33fe9c30f2.jpg_720x720q80.jpg_.webp,No product description available.,04-08-23
lazada,NIL,Adidas,adidas Tennis Grand Court Cloudfoam Comfort Shoes Men White ID4467, ,No Price Reduction,$109.00 ,0,https://www.lazada.sg/products/adidas-tennis-grand-court-cloudfoam-comfort-shoes-men-white-id4467-i2765684145.html,https://lzd-img-global.slatic.net/g/p/777cc0e7fd43581517303c9bb811c258.jpg_720x720q80.jpg_.webp,No product description available.,04-08-23
lazada,NIL,Adidas,adidas Lifestyle Nizza Shoes Men Green HQ6763, ,No Price Reduction,$99.00 ,0,https://www.lazada.sg/products/adidas-lifestyle-nizza-shoes-men-green-hq6763-i2757699290.html,https://lzd-img-global.slatic.net/g/p/8ee6b3a0364af1d7acc3f43fa106551b.jpg_720x720q80.jpg_.webp,No product description available.,04-08-23
lazada,NIL,Adidas,adidas Running Questar Flow NXT Shoes Men Black GZ8102, ,No Price Reduction,$109.00 ,62,https://www.lazada.sg/products/adidas-running-questar-flow-nxt-shoes-men-black-gz8102-i2432577476.html,https://lzd-img-global.slatic.net/g/p/d8f15ce78df409c61ea6fe72a2b235b4.jpg_720x720q80.jpg_.webp,No product description available.,04-08-23
lazada,NIL,Adidas,adidas Running Duramo 10 Shoes Men Grey HP2381, ,$99.00 ,$79.20 ,0,https://www.lazada.sg/products/adidas-running-duramo-10-shoes-men-grey-hp2381-i2762175750.html,https://lzd-img-global.slatic.net/g/p/0250235b9b891cc1c69e3ffff67a92c1.jpg_720x720q80.jpg_.webp,No product description available.,04-08-23
lazada,NIL,Adidas,adidas Running Ultrabounce Shoes Men Black HP5797, ,No Price Reduction,$119.00 ,0,https://www.lazada.sg/products/adidas-running-ultrabounce-shoes-men-black-hp5797-i2759398885.html,https://lzd-img-global.slatic.net/g/p/ae006730f85d1945124ddc35069ae766.jpg_720x720q80.jpg_.webp,No product description available.,04-08-23
lazada,NIL,Adidas,adidas Running Duramo 10 Shoes Men Grey HP2380, ,$99.00 ,$79.20 ,0,https://www.lazada.sg/products/adidas-running-duramo-10-shoes-men-grey-hp2380-i2762251259.html,https://lzd-img-global.slatic.net/g/p/4f15ebbc0641d66d7a5c3e0d9b147930.jpg_720x720q80.jpg_.webp,No product description available.,04-08-23
lazada,NIL,Adidas,adidas Running Adizero Adios 7 Shoes Men White GY2588, ,No Price Reduction,$189.00 ,0,https://www.lazada.sg/products/adidas-running-adizero-adios-7-shoes-men-white-gy2588-i2758136498.html,https://lzd-img-global.slatic.net/g/p/5d42419c15cba34f9910710c710b0584.jpg_720x720q80.jpg_.webp,No product description available.,04-08-23
lazada,NIL,Adidas,adidas Running Adizero SL Wide Lightstrike Running Shoes Men Black IE9389, ,No Price Reduction,$169.00 ,0,https://www.lazada.sg/products/adidas-running-adizero-sl-wide-lightstrike-running-shoes-men-black-ie9389-i2849833002.html,https://lzd-img-global.slatic.net/g/p/e7dcc83b143fb268262b71a5ac0c0cbf.jpg_720x720q80.jpg_.webp,No product description available.,04-08-23
lazada,NIL,Adidas,adidas Running Duramo 9 Shoes Men White EG8665, ,$100.00 ,$50.00 ,62,https://www.lazada.sg/products/adidas-running-duramo-9-shoes-men-white-eg8665-i1996246852.html,https://lzd-img-global.slatic.net/g/p/aa5e3b471d07d241b29e7bc13b8c43a4.jpg_720x720q80.jpg_.webp,No product description available.,04-08-23
lazada,NIL,Adidas,adidas Running Ultrabounce Shoes Men Red HP5775, ,No Price Reduction,$119.00 ,0,https://www.lazada.sg/products/adidas-running-ultrabounce-shoes-men-red-hp5775-i2759521442.html,https://lzd-img-global.slatic.net/g/p/664a8f541d30ec885a548ec97785d5b5.jpg_720x720q80.jpg_.webp,No product description available.,04-08-23
lazada,NIL,Adidas,adidas Running Duramo Speed Shoes Men Black IE7267, ,No Price Reduction,$119.00 ,0,https://www.lazada.sg/products/adidas-running-duramo-speed-shoes-men-black-ie7267-i2849659969.html,https://lzd-img-global.slatic.net/g/p/fb632e9cf3ffc09f4e5990a179666c0f.jpg_720x720q80.jpg_.webp,No product description available.,04-08-23
lazada,NIL,Adidas,adidas Running Duramo Speed Shoes Men Black ID9850, ,No Price Reduction,$119.00 ,0,https://www.lazada.sg/products/adidas-running-duramo-speed-shoes-men-black-id9850-i2849814044.html,https://lzd-img-global.slatic.net/g/p/f13ecb8d7c4444d51a46a85530657e58.jpg_720x720q80.jpg_.webp,No product description available.,04-08-23
lazada,NIL,Adidas,adidas Running Ultrabounce Wide Shoes Men Black HP6684, ,No Price Reduction,$119.00 ,0,https://www.lazada.sg/products/adidas-running-ultrabounce-wide-shoes-men-black-hp6684-i2849799152.html,https://lzd-img-global.slatic.net/g/p/f652441dce427381bc67c04eaf4ed8d4.jpg_720x720q80.jpg_.webp,No product description available.,04-08-23
lazada,NIL,Adidas,adidas Lifestyle Stan Smith Recon Shoes Men Grey GW2233, ,No Price Reduction,$269.00 ,0,https://www.lazada.sg/products/adidas-lifestyle-stan-smith-recon-shoes-men-grey-gw2233-i2759456832.html,https://lzd-img-global.slatic.net/g/p/76ce49243e5912fade23be18f8fe9398.jpg_720x720q80.jpg_.webp,No product description available.,04-08-23
lazada,NIL,Adidas,adidas Tennis Gamecourt 2.0 Tennis Shoes Men Turquoise IG9566, ,No Price Reduction,$99.00 ,0,https://www.lazada.sg/products/adidas-tennis-gamecourt-20-tennis-shoes-men-turquoise-ig9566-i2765597706.html,https://lzd-img-global.slatic.net/g/p/fdeddffbb75d6d5280302f85d54fa58c.jpg_720x720q80.jpg_.webp,No product description available.,04-08-23
lazada,NIL,Adidas,adidas Running Pureboost 22 Shoes Men Black GZ5174, ,$209.00 ,$146.30 ,0,https://www.lazada.sg/products/adidas-running-pureboost-22-shoes-men-black-gz5174-i2639628419.html,https://lzd-img-global.slatic.net/g/p/6bac998aaead408e06caacef92d5248e.jpg_720x720q80.jpg_.webp,No product description available.,04-08-23
lazada,NIL,Adidas,adidas Running Galaxar Run Shoes Men White FX6895, ,$119.00 ,$95.20 ,126,https://www.lazada.sg/products/adidas-running-galaxar-run-shoes-men-white-fx6895-i2271038796.html,https://lzd-img-global.slatic.net/g/p/21adef6497395a3a9781441333994aa7.jpg_720x720q80.jpg_.webp,No product description available.,04-08-23
lazada,NIL,Adidas,adidas Running Supernova 3 Running Shoes Men Blue IE4359, ,No Price Reduction,$159.00 ,0,https://www.lazada.sg/products/adidas-running-supernova-3-running-shoes-men-blue-ie4359-i2849703436.html,https://lzd-img-global.slatic.net/g/p/c0079132bee0e994ba790f660463e206.jpg_720x720q80.jpg_.webp,No product description available.,04-08-23
lazada,NIL,Adidas,adidas Tennis Defiant Speed Tennis Shoes Men White ID1508, ,No Price Reduction,$139.00 ,0,https://www.lazada.sg/products/adidas-tennis-defiant-speed-tennis-shoes-men-white-id1508-i2765589738.html,https://lzd-img-global.slatic.net/g/p/3082a535e69b3339919cb45d2c0ded5f.jpg_720x720q80.jpg_.webp,No product description available.,04-08-23
lazada,NIL,Adidas,adidas Lifestyle SUPERSTAR SHOES Unisex White EG4960, ,No Price Reduction,$159.00 ,16,https://www.lazada.sg/products/adidas-lifestyle-superstar-shoes-unisex-white-eg4960-i1198150581.html,https://lzd-img-global.slatic.net/g/p/d70eb4dbfee78ccb489ee70c5124ce15.jpg_720x720q80.jpg_.webp,No product description available.,04-08-23
lazada,NIL,Adidas,adidas Lifestyle Stan Smith Recon Shoes Men White H06187, ,No Price Reduction,$269.00 ,0,https://www.lazada.sg/products/adidas-lifestyle-stan-smith-recon-shoes-men-white-h06187-i2768132670.html,https://lzd-img-global.slatic.net/g/p/5a92233679e73eeab2022c421441fe9c.jpg_720x720q80.jpg_.webp,No product description available.,04-08-23
lazada,NIL,Adidas,adidas Tennis Gamecourt 2.0 Tennis Shoes Men Black IG9567, ,No Price Reduction,$99.00 ,0,https://www.lazada.sg/products/adidas-tennis-gamecourt-20-tennis-shoes-men-black-ig9567-i2765545969.html,https://lzd-img-global.slatic.net/g/p/6b48b09139325670f1846ed855838f71.jpg_720x720q80.jpg_.webp,No product description available.,04-08-23
lazada,NIL,Adidas,adidas Basketball Hoops 2.0 Shoes Men White FY8629, ,No Price Reduction,$99.00 ,0,https://www.lazada.sg/products/adidas-basketball-hoops-20-shoes-men-white-fy8629-i2783965970.html,https://lzd-img-global.slatic.net/g/p/e5a39f09046c529ed47ac7fc211758a0.jpg_720x720q80.jpg_.webp,No product description available.,04-08-23
lazada,NIL,Adidas,adidas Lifestyle SUPERSTAR SHOES Unisex White EG4958, ,No Price Reduction,$159.00 ,41,https://www.lazada.sg/products/adidas-lifestyle-superstar-shoes-unisex-white-eg4958-i953588011.html,https://lzd-img-global.slatic.net/g/p/90182b15b4362585de4ade56052d6bac.jpg_720x720q80.jpg_.webp,No product description available.,04-08-23
lazada,NIL,Adidas,adidas Lifestyle Nizza Shoes Men Black GX6094, ,No Price Reduction,$95.00 ,31,https://www.lazada.sg/products/adidas-lifestyle-nizza-shoes-men-black-gx6094-i2427260840.html,https://lzd-img-global.slatic.net/g/p/fe61bf5e9e3da8611d1deff8b6492489.jpg_720x720q80.jpg_.webp,No product description available.,04-08-23
lazada,NIL,Adidas,adidas Lifestyle Stan Smith CS Shoes Men Blue ID2046, ,No Price Reduction,$149.00 ,0,https://www.lazada.sg/products/adidas-lifestyle-stan-smith-cs-shoes-men-blue-id2046-i2765716022.html,https://lzd-img-global.slatic.net/g/p/d95ed75ef42c4498db2b5b3d8612dec9.jpg_720x720q80.jpg_.webp,No product description available.,04-08-23
lazada,NIL,Adidas,adidas Running Racer TR21 Shoes Men Green GZ8180, ,$119.00 ,$59.50 ,83,https://www.lazada.sg/products/adidas-running-racer-tr21-shoes-men-green-gz8180-i2440622520.html,https://lzd-img-global.slatic.net/g/p/3a8b14ee737f6c2c63ac770f8394eeb0.jpg_720x720q80.jpg_.webp,No product description available.,04-08-23
lazada,NIL,Adidas,adidas Lifestyle NMD V3 Shoes Men Brown FZ6496, ,No Price Reduction,$259.00 ,0,https://www.lazada.sg/products/adidas-lifestyle-nmd-v3-shoes-men-brown-fz6496-i2838833729.html,https://lzd-img-global.slatic.net/g/p/17d0756fec59555e51d5cc7e03c7f3dc.jpg_720x720q80.jpg_.webp,No product description available.,04-08-23
lazada,NIL,Adidas,adidas Running Run 60s 2.0 Shoes Men Black FZ0961, ,No Price Reduction,$79.00 ,0,https://www.lazada.sg/products/adidas-running-run-60s-20-shoes-men-black-fz0961-i2765720048.html,https://lzd-img-global.slatic.net/g/p/2f6fa7b8f268305332e7fd5fd1969138.jpg_720x720q80.jpg_.webp,No product description available.,04-08-23
lazada,NIL,Adidas,adidas Running Solarboost 5 Shoes Men White GW1962, ,No Price Reduction,$229.00 ,0,https://www.lazada.sg/products/adidas-running-solarboost-5-shoes-men-white-gw1962-i2759478361.html,https://lzd-img-global.slatic.net/g/p/7619ec448bc13f68e5b43a7c793e72fe.jpg_720x720q80.jpg_.webp,No product description available.,04-08-23
lazada,NIL,Adidas,adidas Running Duramo 10 Shoes Men Red HP2382, ,$99.00 ,$79.20 ,0,https://www.lazada.sg/products/adidas-running-duramo-10-shoes-men-red-hp2382-i2757691181.html,https://lzd-img-global.slatic.net/g/p/68cde33ea6c0738108fccd0c5a7ded79.jpg_720x720q80.jpg_.webp,No product description available.,04-08-23
lazada,NIL,Adidas,adidas Tennis Courtflash Speed Tennis Shoes Men Black IG9537, ,No Price Reduction,$99.00 ,0,https://www.lazada.sg/products/adidas-tennis-courtflash-speed-tennis-shoes-men-black-ig9537-i2765709108.html,https://lzd-img-global.slatic.net/g/p/2929e4bf6cad60555cf8c4e6d44acc06.jpg_720x720q80.jpg_.webp,No product description available.,04-08-23
lazada,NIL,Adidas,adidas Tennis Breaknet 2.0 Shoes Men White ID7110, ,No Price Reduction,$79.00 ,0,https://www.lazada.sg/products/adidas-tennis-breaknet-20-shoes-men-white-id7110-i2765600579.html,https://lzd-img-global.slatic.net/g/p/2c15753855f43d7d9fc9d5411869082a.jpg_720x720q80.jpg_.webp,No product description available.,04-08-23
lazada,NIL,Adidas,adidas Tennis Breaknet 2.0 Shoes Men White ID9554, ,No Price Reduction,$79.00 ,0,https://www.lazada.sg/products/adidas-tennis-breaknet-20-shoes-men-white-id9554-i2765653261.html,https://lzd-img-global.slatic.net/g/p/584c3c830f82b611971a0b1303ce951e.jpg_720x720q80.jpg_.webp,No product description available.,04-08-23
lazada,NIL,Adidas,adidas Basketball Hoops 2.0 Shoes Men Black FY8626, ,No Price Reduction,$99.00 ,0,https://www.lazada.sg/products/adidas-basketball-hoops-20-shoes-men-black-fy8626-i2765620404.html,https://lzd-img-global.slatic.net/g/p/abde29660005366aae450d878fa0eb0c.jpg_720x720q80.jpg_.webp,No product description available.,04-08-23
lazada,NIL,Adidas,adidas Running Ultrabounce Wide Shoes Men Black HP6685, ,No Price Reduction,$119.00 ,0,https://www.lazada.sg/products/adidas-running-ultrabounce-wide-shoes-men-black-hp6685-i2849625597.html,https://lzd-img-global.slatic.net/g/p/e84cc5df589adfa064fc64a05fadac49.jpg_720x720q80.jpg_.webp,No product description available.,04-08-23
lazada,NIL,Adidas,adidas Basketball Forum Low Shoes Men White IE7175, ,No Price Reduction,$159.00 ,0,https://www.lazada.sg/products/adidas-basketball-forum-low-shoes-men-white-ie7175-i2765724072.html,https://lzd-img-global.slatic.net/g/p/2ae5e97644b349607ddfdae137c68053.jpg_720x720q80.jpg_.webp,No product description available.,04-08-23
lazada,NIL,Adidas,adidas Lifestyle Nizza Shoes Men Green HQ6763, ,No Price Reduction,$99.00 ,0,https://www.lazada.sg/products/adidas-lifestyle-nizza-shoes-men-green-hq6763-i2757699290.html,https://lzd-img-global.slatic.net/g/p/8ee6b3a0364af1d7acc3f43fa106551b.jpg_720x720q80.jpg_.webp,No product description available.,04-08-23
lazada,NIL,Adidas,adidas Running Questar Flow NXT Shoes Men Blue FY9561, ,No Price Reduction,$109.00 ,96,https://www.lazada.sg/products/adidas-running-questar-flow-nxt-shoes-men-blue-fy9561-i2432576510.html,https://lzd-img-global.slatic.net/g/p/a8252189948935a79d4c9e0ba1175110.jpg_720x720q80.jpg_.webp,No product description available.,04-08-23
lazada,NIL,Adidas,adidas Running Duramo 10 Shoes Men Grey HP2381, ,$99.00 ,$79.20 ,0,https://www.lazada.sg/products/adidas-running-duramo-10-shoes-men-grey-hp2381-i2762175750.html,https://lzd-img-global.slatic.net/g/p/0250235b9b891cc1c69e3ffff67a92c1.jpg_720x720q80.jpg_.webp,No product description available.,04-08-23
lazada,NIL,Adidas,adidas Running Questar Flow NXT Shoes Men Black GZ8102, ,No Price Reduction,$109.00 ,62,https://www.lazada.sg/products/adidas-running-questar-flow-nxt-shoes-men-black-gz8102-i2432577476.html,https://lzd-img-global.slatic.net/g/p/d8f15ce78df409c61ea6fe72a2b235b4.jpg_720x720q80.jpg_.webp,No product description available.,04-08-23
lazada,NIL,Adidas,adidas Basketball Rivalry Hi Shoes Men White FZ6315, ,$159.00 ,$111.30 ,0,https://www.lazada.sg/products/adidas-basketball-rivalry-hi-shoes-men-white-fz6315-i2757678577.html,https://lzd-img-global.slatic.net/g/p/ec91eab24374349b94e97c33fe9c30f2.jpg_720x720q80.jpg_.webp,No product description available.,04-08-23
lazada,NIL,Adidas,adidas Running SolarGlide 4 Shoes Men Black S42558, ,$200.00 ,$100.00 ,20,https://www.lazada.sg/products/adidas-running-solarglide-4-shoes-men-black-i2432686163.html,https://lzd-img-global.slatic.net/g/p/e9eb583426d21531df3b153dc6da9e2f.jpg_720x720q80.jpg_.webp,No product description available.,04-08-23
lazada,NIL,Adidas,adidas Running Supernova 2 Running Shoes Men White GW9089, ,$159.00 ,$111.30 ,0,https://www.lazada.sg/products/adidas-running-supernova-2-running-shoes-men-white-gw9089-i2350344820.html,https://lzd-img-global.slatic.net/g/p/a8a0138e874304cfa4355db7d5bcdd51.jpg_720x720q80.jpg_.webp,No product description available.,04-08-23
lazada,NIL,Adidas,adidas Running Ultrabounce Shoes Men Black HP5797, ,No Price Reduction,$119.00 ,0,https://www.lazada.sg/products/adidas-running-ultrabounce-shoes-men-black-hp5797-i2759398885.html,https://lzd-img-global.slatic.net/g/p/ae006730f85d1945124ddc35069ae766.jpg_720x720q80.jpg_.webp,No product description available.,04-08-23
lazada,NIL,Adidas,adidas Running Duramo 10 Shoes Men Grey HP2380, ,$99.00 ,$79.20 ,0,https://www.lazada.sg/products/adidas-running-duramo-10-shoes-men-grey-hp2380-i2762251259.html,https://lzd-img-global.slatic.net/g/p/4f15ebbc0641d66d7a5c3e0d9b147930.jpg_720x720q80.jpg_.webp,No product description available.,04-08-23
lazada,NIL,Adidas,adidas Running Duramo 9 Shoes Men White EG8665, ,$100.00 ,$50.00 ,62,https://www.lazada.sg/products/adidas-running-duramo-9-shoes-men-white-eg8665-i1996246852.html,https://lzd-img-global.slatic.net/g/p/aa5e3b471d07d241b29e7bc13b8c43a4.jpg_720x720q80.jpg_.webp,No product description available.,04-08-23
lazada,NIL,Adidas,adidas Running Adizero Adios 7 Shoes Men White GY2588, ,No Price Reduction,$189.00 ,0,https://www.lazada.sg/products/adidas-running-adizero-adios-7-shoes-men-white-gy2588-i2758136498.html,https://lzd-img-global.slatic.net/g/p/5d42419c15cba34f9910710c710b0584.jpg_720x720q80.jpg_.webp,No product description available.,04-08-23
lazada,NIL,Adidas,adidas Running Adizero SL Wide Lightstrike Running Shoes Men Black IE9389, ,No Price Reduction,$169.00 ,0,https://www.lazada.sg/products/adidas-running-adizero-sl-wide-lightstrike-running-shoes-men-black-ie9389-i2849833002.html,https://lzd-img-global.slatic.net/g/p/e7dcc83b143fb268262b71a5ac0c0cbf.jpg_720x720q80.jpg_.webp,No product description available.,04-08-23
lazada,NIL,Adidas,adidas Running Duramo Speed Shoes Men Black IE7267, ,No Price Reduction,$119.00 ,0,https://www.lazada.sg/products/adidas-running-duramo-speed-shoes-men-black-ie7267-i2849659969.html,https://lzd-img-global.slatic.net/g/p/fb632e9cf3ffc09f4e5990a179666c0f.jpg_720x720q80.jpg_.webp,No product description available.,04-08-23
lazada,NIL,Adidas,adidas Running Duramo Speed Shoes Men Black ID9850, ,No Price Reduction,$119.00 ,0,https://www.lazada.sg/products/adidas-running-duramo-speed-shoes-men-black-id9850-i2849814044.html,https://lzd-img-global.slatic.net/g/p/f13ecb8d7c4444d51a46a85530657e58.jpg_720x720q80.jpg_.webp,No product description available.,04-08-23
lazada,NIL,Adidas,adidas Running Ultrabounce Wide Shoes Men Black HP6684, ,No Price Reduction,$119.00 ,0,https://www.lazada.sg/products/adidas-running-ultrabounce-wide-shoes-men-black-hp6684-i2849799152.html,https://lzd-img-global.slatic.net/g/p/f652441dce427381bc67c04eaf4ed8d4.jpg_720x720q80.jpg_.webp,No product description available.,04-08-23
lazada,NIL,Adidas,adidas Running Ultrabounce Shoes Men Red HP5775, ,No Price Reduction,$119.00 ,0,https://www.lazada.sg/products/adidas-running-ultrabounce-shoes-men-red-hp5775-i2759521442.html,https://lzd-img-global.slatic.net/g/p/664a8f541d30ec885a548ec97785d5b5.jpg_720x720q80.jpg_.webp,No product description available.,04-08-23
lazada,NIL,Adidas,adidas Tennis Gamecourt 2.0 Tennis Shoes Men Turquoise IG9566, ,No Price Reduction,$99.00 ,0,https://www.lazada.sg/products/adidas-tennis-gamecourt-20-tennis-shoes-men-turquoise-ig9566-i2765597706.html,https://lzd-img-global.slatic.net/g/p/fdeddffbb75d6d5280302f85d54fa58c.jpg_720x720q80.jpg_.webp,No product description available.,04-08-23
lazada,NIL,Adidas,adidas Running Supernova 3 Running Shoes Men Blue IE4359, ,No Price Reduction,$159.00 ,0,https://www.lazada.sg/products/adidas-running-supernova-3-running-shoes-men-blue-ie4359-i2849703436.html,https://lzd-img-global.slatic.net/g/p/c0079132bee0e994ba790f660463e206.jpg_720x720q80.jpg_.webp,No product description available.,04-08-23
lazada,NIL,Adidas,adidas Running Galaxar Run Shoes Men White FX6895, ,$119.00 ,$95.20 ,126,https://www.lazada.sg/products/adidas-running-galaxar-run-shoes-men-white-fx6895-i2271038796.html,https://lzd-img-global.slatic.net/g/p/21adef6497395a3a9781441333994aa7.jpg_720x720q80.jpg_.webp,No product description available.,04-08-23
lazada,NIL,Adidas,adidas Tennis Defiant Speed Tennis Shoes Men White ID1508, ,No Price Reduction,$139.00 ,0,https://www.lazada.sg/products/adidas-tennis-defiant-speed-tennis-shoes-men-white-id1508-i2765589738.html,https://lzd-img-global.slatic.net/g/p/3082a535e69b3339919cb45d2c0ded5f.jpg_720x720q80.jpg_.webp,No product description available.,04-08-23
lazada,NIL,Adidas,adidas Tennis Gamecourt 2.0 Tennis Shoes Men Black IG9567, ,No Price Reduction,$99.00 ,0,https://www.lazada.sg/products/adidas-tennis-gamecourt-20-tennis-shoes-men-black-ig9567-i2765545969.html,https://lzd-img-global.slatic.net/g/p/6b48b09139325670f1846ed855838f71.jpg_720x720q80.jpg_.webp,No product description available.,04-08-23
lazada,NIL,Adidas,adidas Lifestyle Stan Smith Recon Shoes Men Grey GW2233, ,No Price Reduction,$269.00 ,0,https://www.lazada.sg/products/adidas-lifestyle-stan-smith-recon-shoes-men-grey-gw2233-i2759456832.html,https://lzd-img-global.slatic.net/g/p/76ce49243e5912fade23be18f8fe9398.jpg_720x720q80.jpg_.webp,No product description available.,04-08-23
lazada,NIL,Adidas,adidas Running Pureboost 22 Shoes Men Black GZ5174, ,$209.00 ,$146.30 ,0,https://www.lazada.sg/products/adidas-running-pureboost-22-shoes-men-black-gz5174-i2639628419.html,https://lzd-img-global.slatic.net/g/p/6bac998aaead408e06caacef92d5248e.jpg_720x720q80.jpg_.webp,No product description available.,04-08-23
lazada,NIL,Adidas,adidas Basketball Hoops 2.0 Shoes Men White FY8629, ,No Price Reduction,$99.00 ,0,https://www.lazada.sg/products/adidas-basketball-hoops-20-shoes-men-white-fy8629-i2783965970.html,https://lzd-img-global.slatic.net/g/p/e5a39f09046c529ed47ac7fc211758a0.jpg_720x720q80.jpg_.webp,No product description available.,04-08-23
lazada,NIL,Adidas,adidas Lifestyle SUPERSTAR SHOES Unisex White EG4960, ,No Price Reduction,$159.00 ,16,https://www.lazada.sg/products/adidas-lifestyle-superstar-shoes-unisex-white-eg4960-i1198150581.html,https://lzd-img-global.slatic.net/g/p/d70eb4dbfee78ccb489ee70c5124ce15.jpg_720x720q80.jpg_.webp,No product description available.,04-08-23
lazada,NIL,Adidas,adidas Running Racer TR21 Shoes Men Green GZ8180, ,$119.00 ,$59.50 ,83,https://www.lazada.sg/products/adidas-running-racer-tr21-shoes-men-green-gz8180-i2440622520.html,https://lzd-img-global.slatic.net/g/p/3a8b14ee737f6c2c63ac770f8394eeb0.jpg_720x720q80.jpg_.webp,No product description available.,04-08-23
lazada,NIL,Adidas,adidas Lifestyle Nizza Shoes Men Black GX6094, ,No Price Reduction,$95.00 ,31,https://www.lazada.sg/products/adidas-lifestyle-nizza-shoes-men-black-gx6094-i2427260840.html,https://lzd-img-global.slatic.net/g/p/fe61bf5e9e3da8611d1deff8b6492489.jpg_720x720q80.jpg_.webp,No product description available.,04-08-23
lazada,NIL,Adidas,adidas Lifestyle Stan Smith Recon Shoes Men White H06187, ,No Price Reduction,$269.00 ,0,https://www.lazada.sg/products/adidas-lifestyle-stan-smith-recon-shoes-men-white-h06187-i2768132670.html,https://lzd-img-global.slatic.net/g/p/5a92233679e73eeab2022c421441fe9c.jpg_720x720q80.jpg_.webp,No product description available.,04-08-23
lazada,NIL,Adidas,adidas Running Run 60s 2.0 Shoes Men Black FZ0961, ,No Price Reduction,$79.00 ,0,https://www.lazada.sg/products/adidas-running-run-60s-20-shoes-men-black-fz0961-i2765720048.html,https://lzd-img-global.slatic.net/g/p/2f6fa7b8f268305332e7fd5fd1969138.jpg_720x720q80.jpg_.webp,No product description available.,04-08-23
lazada,NIL,Adidas,adidas Running Solarboost 5 Shoes Men White GW1962, ,No Price Reduction,$229.00 ,0,https://www.lazada.sg/products/adidas-running-solarboost-5-shoes-men-white-gw1962-i2759478361.html,https://lzd-img-global.slatic.net/g/p/7619ec448bc13f68e5b43a7c793e72fe.jpg_720x720q80.jpg_.webp,No product description available.,04-08-23
lazada,NIL,Adidas,adidas Lifestyle SUPERSTAR SHOES Unisex White EG4958, ,No Price Reduction,$159.00 ,41,https://www.lazada.sg/products/adidas-lifestyle-superstar-shoes-unisex-white-eg4958-i953588011.html,https://lzd-img-global.slatic.net/g/p/90182b15b4362585de4ade56052d6bac.jpg_720x720q80.jpg_.webp,No product description available.,04-08-23
lazada,NIL,Adidas,adidas Running Duramo 10 Shoes Men Red HP2382, ,$99.00 ,$79.20 ,0,https://www.lazada.sg/products/adidas-running-duramo-10-shoes-men-red-hp2382-i2757691181.html,https://lzd-img-global.slatic.net/g/p/68cde33ea6c0738108fccd0c5a7ded79.jpg_720x720q80.jpg_.webp,No product description available.,04-08-23
lazada,NIL,Adidas,adidas Lifestyle Stan Smith CS Shoes Men Blue ID2046, ,No Price Reduction,$149.00 ,0,https://www.lazada.sg/products/adidas-lifestyle-stan-smith-cs-shoes-men-blue-id2046-i2765716022.html,https://lzd-img-global.slatic.net/g/p/d95ed75ef42c4498db2b5b3d8612dec9.jpg_720x720q80.jpg_.webp,No product description available.,04-08-23
lazada,NIL,Adidas,adidas Tennis Breaknet 2.0 Shoes Men White ID7110, ,No Price Reduction,$79.00 ,0,https://www.lazada.sg/products/adidas-tennis-breaknet-20-shoes-men-white-id7110-i2765600579.html,https://lzd-img-global.slatic.net/g/p/2c15753855f43d7d9fc9d5411869082a.jpg_720x720q80.jpg_.webp,No product description available.,04-08-23
lazada,NIL,Adidas,adidas Lifestyle NMD V3 Shoes Men Brown FZ6496, ,No Price Reduction,$259.00 ,0,https://www.lazada.sg/products/adidas-lifestyle-nmd-v3-shoes-men-brown-fz6496-i2838833729.html,https://lzd-img-global.slatic.net/g/p/17d0756fec59555e51d5cc7e03c7f3dc.jpg_720x720q80.jpg_.webp,No product description available.,04-08-23
lazada,NIL,Adidas,adidas Tennis Courtflash Speed Tennis Shoes Men Black IG9537, ,No Price Reduction,$99.00 ,0,https://www.lazada.sg/products/adidas-tennis-courtflash-speed-tennis-shoes-men-black-ig9537-i2765709108.html,https://lzd-img-global.slatic.net/g/p/2929e4bf6cad60555cf8c4e6d44acc06.jpg_720x720q80.jpg_.webp,No product description available.,04-08-23
lazada,NIL,Adidas,adidas Tennis Breaknet 2.0 Shoes Men White ID9554, ,No Price Reduction,$79.00 ,0,https://www.lazada.sg/products/adidas-tennis-breaknet-20-shoes-men-white-id9554-i2765653261.html,https://lzd-img-global.slatic.net/g/p/584c3c830f82b611971a0b1303ce951e.jpg_720x720q80.jpg_.webp,No product description available.,04-08-23
lazada,NIL,Adidas,adidas Basketball Hoops 2.0 Shoes Men Black FY8626, ,No Price Reduction,$99.00 ,0,https://www.lazada.sg/products/adidas-basketball-hoops-20-shoes-men-black-fy8626-i2765620404.html,https://lzd-img-global.slatic.net/g/p/abde29660005366aae450d878fa0eb0c.jpg_720x720q80.jpg_.webp,No product description available.,04-08-23
lazada,NIL,Adidas,adidas Running Ultrabounce Wide Shoes Men Black HP6685, ,No Price Reduction,$119.00 ,0,https://www.lazada.sg/products/adidas-running-ultrabounce-wide-shoes-men-black-hp6685-i2849625597.html,https://lzd-img-global.slatic.net/g/p/e84cc5df589adfa064fc64a05fadac49.jpg_720x720q80.jpg_.webp,No product description available.,04-08-23
lazada,NIL,Adidas,adidas Running Questar Flow NXT Shoes Men Blue FY9561, ,No Price Reduction,$109.00 ,96,https://www.lazada.sg/products/adidas-running-questar-flow-nxt-shoes-men-blue-fy9561-i2432576510.html,https://lzd-img-global.slatic.net/g/p/a8252189948935a79d4c9e0ba1175110.jpg_720x720q80.jpg_.webp,No product description available.,04-08-23
lazada,NIL,Adidas,adidas Running Duramo 10 Shoes Men Grey HP2381, ,$99.00 ,$79.20 ,0,https://www.lazada.sg/products/adidas-running-duramo-10-shoes-men-grey-hp2381-i2762175750.html,https://lzd-img-global.slatic.net/g/p/0250235b9b891cc1c69e3ffff67a92c1.jpg_720x720q80.jpg_.webp,No product description available.,04-08-23
lazada,NIL,Adidas,adidas Lifestyle Nizza Shoes Men Green HQ6763, ,No Price Reduction,$99.00 ,0,https://www.lazada.sg/products/adidas-lifestyle-nizza-shoes-men-green-hq6763-i2757699290.html,https://lzd-img-global.slatic.net/g/p/8ee6b3a0364af1d7acc3f43fa106551b.jpg_720x720q80.jpg_.webp,No product description available.,04-08-23
lazada,NIL,Adidas,adidas Running SolarGlide 4 Shoes Men Black S42558, ,$200.00 ,$100.00 ,20,https://www.lazada.sg/products/adidas-running-solarglide-4-shoes-men-black-i2432686163.html,https://lzd-img-global.slatic.net/g/p/e9eb583426d21531df3b153dc6da9e2f.jpg_720x720q80.jpg_.webp,No product description available.,04-08-23
lazada,NIL,Adidas,adidas Running Questar Flow NXT Shoes Men Black GZ8102, ,No Price Reduction,$109.00 ,62,https://www.lazada.sg/products/adidas-running-questar-flow-nxt-shoes-men-black-gz8102-i2432577476.html,https://lzd-img-global.slatic.net/g/p/d8f15ce78df409c61ea6fe72a2b235b4.jpg_720x720q80.jpg_.webp,No product description available.,04-08-23
lazada,NIL,Adidas,adidas Lifestyle Advantage Shoes Men White ID9644, ,No Price Reduction,$99.00 ,0,https://www.lazada.sg/products/adidas-lifestyle-advantage-shoes-men-white-id9644-i2807923765.html,https://lzd-img-global.slatic.net/g/p/d3778fd0865e97693b8cdacebe9b3a46.jpg_720x720q80.jpg_.webp,No product description available.,04-08-23
lazada,NIL,Adidas,adidas Tennis Grand Court Cloudfoam Comfort Shoes Men White ID4467, ,No Price Reduction,$109.00 ,0,https://www.lazada.sg/products/adidas-tennis-grand-court-cloudfoam-comfort-shoes-men-white-id4467-i2765684145.html,https://lzd-img-global.slatic.net/g/p/777cc0e7fd43581517303c9bb811c258.jpg_720x720q80.jpg_.webp,No product description available.,04-08-23
lazada,NIL,Adidas,adidas Running Duramo 10 Shoes Men Blue HP2383, ,$99.00 ,$79.20 ,0,https://www.lazada.sg/products/adidas-running-duramo-10-shoes-men-blue-hp2383-i2757719053.html,https://lzd-img-global.slatic.net/g/p/08b7126cd2edb1d55690f4d74e54bd93.jpg_720x720q80.jpg_.webp,No product description available.,04-08-23
lazada,NIL,Adidas,adidas Running Ultrabounce Shoes Men Black HP5797, ,No Price Reduction,$119.00 ,0,https://www.lazada.sg/products/adidas-running-ultrabounce-shoes-men-black-hp5797-i2759398885.html,https://lzd-img-global.slatic.net/g/p/ae006730f85d1945124ddc35069ae766.jpg_720x720q80.jpg_.webp,No product description available.,04-08-23
lazada,NIL,Adidas,adidas Running Duramo 10 Shoes Men Grey HP2380, ,$99.00 ,$79.20 ,0,https://www.lazada.sg/products/adidas-running-duramo-10-shoes-men-grey-hp2380-i2762251259.html,https://lzd-img-global.slatic.net/g/p/4f15ebbc0641d66d7a5c3e0d9b147930.jpg_720x720q80.jpg_.webp,No product description available.,04-08-23
lazada,NIL,Adidas,adidas Running Duramo 9 Shoes Men White EG8665, ,$100.00 ,$50.00 ,62,https://www.lazada.sg/products/adidas-running-duramo-9-shoes-men-white-eg8665-i1996246852.html,https://lzd-img-global.slatic.net/g/p/aa5e3b471d07d241b29e7bc13b8c43a4.jpg_720x720q80.jpg_.webp,No product description available.,04-08-23
lazada,NIL,Adidas,adidas Running Adizero Adios 7 Shoes Men White GY2588, ,No Price Reduction,$189.00 ,0,https://www.lazada.sg/products/adidas-running-adizero-adios-7-shoes-men-white-gy2588-i2758136498.html,https://lzd-img-global.slatic.net/g/p/5d42419c15cba34f9910710c710b0584.jpg_720x720q80.jpg_.webp,No product description available.,04-08-23
lazada,NIL,Adidas,adidas Running Adizero SL Wide Lightstrike Running Shoes Men Black IE9389, ,No Price Reduction,$169.00 ,0,https://www.lazada.sg/products/adidas-running-adizero-sl-wide-lightstrike-running-shoes-men-black-ie9389-i2849833002.html,https://lzd-img-global.slatic.net/g/p/e7dcc83b143fb268262b71a5ac0c0cbf.jpg_720x720q80.jpg_.webp,No product description available.,04-08-23
lazada,NIL,Adidas,adidas Running Duramo Speed Shoes Men Black IE7267, ,No Price Reduction,$119.00 ,0,https://www.lazada.sg/products/adidas-running-duramo-speed-shoes-men-black-ie7267-i2849659969.html,https://lzd-img-global.slatic.net/g/p/fb632e9cf3ffc09f4e5990a179666c0f.jpg_720x720q80.jpg_.webp,No product description available.,04-08-23
lazada,NIL,Adidas,adidas Running Ultrabounce Wide Shoes Men Black HP6684, ,No Price Reduction,$119.00 ,0,https://www.lazada.sg/products/adidas-running-ultrabounce-wide-shoes-men-black-hp6684-i2849799152.html,https://lzd-img-global.slatic.net/g/p/f652441dce427381bc67c04eaf4ed8d4.jpg_720x720q80.jpg_.webp,No product description available.,04-08-23
lazada,NIL,Adidas,adidas Running Duramo Speed Shoes Men Black ID9850, ,No Price Reduction,$119.00 ,0,https://www.lazada.sg/products/adidas-running-duramo-speed-shoes-men-black-id9850-i2849814044.html,https://lzd-img-global.slatic.net/g/p/f13ecb8d7c4444d51a46a85530657e58.jpg_720x720q80.jpg_.webp,No product description available.,04-08-23
lazada,NIL,Adidas,adidas Running Ultrabounce Shoes Men Red HP5775, ,No Price Reduction,$119.00 ,0,https://www.lazada.sg/products/adidas-running-ultrabounce-shoes-men-red-hp5775-i2759521442.html,https://lzd-img-global.slatic.net/g/p/664a8f541d30ec885a548ec97785d5b5.jpg_720x720q80.jpg_.webp,No product description available.,04-08-23
lazada,NIL,Adidas,adidas Tennis Gamecourt 2.0 Tennis Shoes Men Turquoise IG9566, ,No Price Reduction,$99.00 ,0,https://www.lazada.sg/products/adidas-tennis-gamecourt-20-tennis-shoes-men-turquoise-ig9566-i2765597706.html,https://lzd-img-global.slatic.net/g/p/fdeddffbb75d6d5280302f85d54fa58c.jpg_720x720q80.jpg_.webp,No product description available.,04-08-23
lazada,NIL,Adidas,adidas Running Galaxar Run Shoes Men White FX6895, ,$119.00 ,$95.20 ,126,https://www.lazada.sg/products/adidas-running-galaxar-run-shoes-men-white-fx6895-i2271038796.html,https://lzd-img-global.slatic.net/g/p/21adef6497395a3a9781441333994aa7.jpg_720x720q80.jpg_.webp,No product description available.,04-08-23
lazada,NIL,Adidas,adidas Running Supernova 3 Running Shoes Men Blue IE4359, ,No Price Reduction,$159.00 ,0,https://www.lazada.sg/products/adidas-running-supernova-3-running-shoes-men-blue-ie4359-i2849703436.html,https://lzd-img-global.slatic.net/g/p/c0079132bee0e994ba790f660463e206.jpg_720x720q80.jpg_.webp,No product description available.,04-08-23
lazada,NIL,Adidas,adidas Tennis Gamecourt 2.0 Tennis Shoes Men Black IG9567, ,No Price Reduction,$99.00 ,0,https://www.lazada.sg/products/adidas-tennis-gamecourt-20-tennis-shoes-men-black-ig9567-i2765545969.html,https://lzd-img-global.slatic.net/g/p/6b48b09139325670f1846ed855838f71.jpg_720x720q80.jpg_.webp,No product description available.,04-08-23
lazada,NIL,Adidas,adidas Running Pureboost 22 Shoes Men Black GZ5174, ,$209.00 ,$146.30 ,0,https://www.lazada.sg/products/adidas-running-pureboost-22-shoes-men-black-gz5174-i2639628419.html,https://lzd-img-global.slatic.net/g/p/6bac998aaead408e06caacef92d5248e.jpg_720x720q80.jpg_.webp,No product description available.,04-08-23
lazada,NIL,Adidas,adidas Basketball Hoops 2.0 Shoes Men White FY8629, ,No Price Reduction,$99.00 ,0,https://www.lazada.sg/products/adidas-basketball-hoops-20-shoes-men-white-fy8629-i2783965970.html,https://lzd-img-global.slatic.net/g/p/e5a39f09046c529ed47ac7fc211758a0.jpg_720x720q80.jpg_.webp,No product description available.,04-08-23
lazada,NIL,Adidas,adidas Tennis Defiant Speed Tennis Shoes Men White ID1508, ,No Price Reduction,$139.00 ,0,https://www.lazada.sg/products/adidas-tennis-defiant-speed-tennis-shoes-men-white-id1508-i2765589738.html,https://lzd-img-global.slatic.net/g/p/3082a535e69b3339919cb45d2c0ded5f.jpg_720x720q80.jpg_.webp,No product description available.,04-08-23
lazada,NIL,Adidas,adidas Running Racer TR21 Shoes Men Green GZ8180, ,$119.00 ,$59.50 ,83,https://www.lazada.sg/products/adidas-running-racer-tr21-shoes-men-green-gz8180-i2440622520.html,https://lzd-img-global.slatic.net/g/p/3a8b14ee737f6c2c63ac770f8394eeb0.jpg_720x720q80.jpg_.webp,No product description available.,04-08-23
lazada,NIL,Adidas,adidas Lifestyle SUPERSTAR SHOES Unisex White EG4960, ,No Price Reduction,$159.00 ,16,https://www.lazada.sg/products/adidas-lifestyle-superstar-shoes-unisex-white-eg4960-i1198150581.html,https://lzd-img-global.slatic.net/g/p/d70eb4dbfee78ccb489ee70c5124ce15.jpg_720x720q80.jpg_.webp,No product description available.,04-08-23
lazada,NIL,Adidas,adidas Lifestyle Stan Smith Recon Shoes Men Grey GW2233, ,No Price Reduction,$269.00 ,0,https://www.lazada.sg/products/adidas-lifestyle-stan-smith-recon-shoes-men-grey-gw2233-i2759456832.html,https://lzd-img-global.slatic.net/g/p/76ce49243e5912fade23be18f8fe9398.jpg_720x720q80.jpg_.webp,No product description available.,04-08-23
lazada,NIL,Adidas,adidas Lifestyle Nizza Shoes Men Black GX6094, ,No Price Reduction,$95.00 ,31,https://www.lazada.sg/products/adidas-lifestyle-nizza-shoes-men-black-gx6094-i2427260840.html,https://lzd-img-global.slatic.net/g/p/fe61bf5e9e3da8611d1deff8b6492489.jpg_720x720q80.jpg_.webp,No product description available.,04-08-23
lazada,NIL,Adidas,adidas Running Run 60s 2.0 Shoes Men Black FZ0961, ,No Price Reduction,$79.00 ,0,https://www.lazada.sg/products/adidas-running-run-60s-20-shoes-men-black-fz0961-i2765720048.html,https://lzd-img-global.slatic.net/g/p/2f6fa7b8f268305332e7fd5fd1969138.jpg_720x720q80.jpg_.webp,No product description available.,04-08-23
lazada,NIL,Adidas,adidas Lifestyle SUPERSTAR SHOES Unisex White EG4958, ,No Price Reduction,$159.00 ,41,https://www.lazada.sg/products/adidas-lifestyle-superstar-shoes-unisex-white-eg4958-i953588011.html,https://lzd-img-global.slatic.net/g/p/90182b15b4362585de4ade56052d6bac.jpg_720x720q80.jpg_.webp,No product description available.,04-08-23
lazada,NIL,Adidas,adidas Running Solarboost 5 Shoes Men White GW1962, ,No Price Reduction,$229.00 ,0,https://www.lazada.sg/products/adidas-running-solarboost-5-shoes-men-white-gw1962-i2759478361.html,https://lzd-img-global.slatic.net/g/p/7619ec448bc13f68e5b43a7c793e72fe.jpg_720x720q80.jpg_.webp,No product description available.,04-08-23
lazada,NIL,Adidas,adidas Running Duramo 10 Shoes Men Red HP2382, ,$99.00 ,$79.20 ,0,https://www.lazada.sg/products/adidas-running-duramo-10-shoes-men-red-hp2382-i2757691181.html,https://lzd-img-global.slatic.net/g/p/68cde33ea6c0738108fccd0c5a7ded79.jpg_720x720q80.jpg_.webp,No product description available.,04-08-23
lazada,NIL,Adidas,adidas Lifestyle Stan Smith CS Shoes Men Blue ID2046, ,No Price Reduction,$149.00 ,0,https://www.lazada.sg/products/adidas-lifestyle-stan-smith-cs-shoes-men-blue-id2046-i2765716022.html,https://lzd-img-global.slatic.net/g/p/d95ed75ef42c4498db2b5b3d8612dec9.jpg_720x720q80.jpg_.webp,No product description available.,04-08-23
lazada,NIL,Adidas,adidas Tennis Breaknet 2.0 Shoes Men White ID7110, ,No Price Reduction,$79.00 ,0,https://www.lazada.sg/products/adidas-tennis-breaknet-20-shoes-men-white-id7110-i2765600579.html,https://lzd-img-global.slatic.net/g/p/2c15753855f43d7d9fc9d5411869082a.jpg_720x720q80.jpg_.webp,No product description available.,04-08-23
lazada,NIL,Adidas,adidas Tennis Courtflash Speed Tennis Shoes Men Black IG9537, ,No Price Reduction,$99.00 ,0,https://www.lazada.sg/products/adidas-tennis-courtflash-speed-tennis-shoes-men-black-ig9537-i2765709108.html,https://lzd-img-global.slatic.net/g/p/2929e4bf6cad60555cf8c4e6d44acc06.jpg_720x720q80.jpg_.webp,No product description available.,04-08-23
lazada,NIL,Adidas,adidas Tennis Breaknet 2.0 Shoes Men White ID9554, ,No Price Reduction,$79.00 ,0,https://www.lazada.sg/products/adidas-tennis-breaknet-20-shoes-men-white-id9554-i2765653261.html,https://lzd-img-global.slatic.net/g/p/584c3c830f82b611971a0b1303ce951e.jpg_720x720q80.jpg_.webp,No product description available.,04-08-23
lazada,NIL,Adidas,adidas Lifestyle Stan Smith Recon Shoes Men White H06187, ,No Price Reduction,$269.00 ,0,https://www.lazada.sg/products/adidas-lifestyle-stan-smith-recon-shoes-men-white-h06187-i2768132670.html,https://lzd-img-global.slatic.net/g/p/5a92233679e73eeab2022c421441fe9c.jpg_720x720q80.jpg_.webp,No product description available.,04-08-23
lazada,NIL,Adidas,adidas Basketball Hoops 2.0 Shoes Men Black FY8626, ,No Price Reduction,$99.00 ,0,https://www.lazada.sg/products/adidas-basketball-hoops-20-shoes-men-black-fy8626-i2765620404.html,https://lzd-img-global.slatic.net/g/p/abde29660005366aae450d878fa0eb0c.jpg_720x720q80.jpg_.webp,No product description available.,04-08-23
lazada,NIL,Adidas,adidas Running Questar Flow NXT Shoes Men Blue FY9561, ,No Price Reduction,$109.00 ,96,https://www.lazada.sg/products/adidas-running-questar-flow-nxt-shoes-men-blue-fy9561-i2432576510.html,https://lzd-img-global.slatic.net/g/p/a8252189948935a79d4c9e0ba1175110.jpg_720x720q80.jpg_.webp,No product description available.,04-08-23
lazada,NIL,Adidas,adidas Running Ultrabounce Wide Shoes Men Black HP6685, ,No Price Reduction,$119.00 ,0,https://www.lazada.sg/products/adidas-running-ultrabounce-wide-shoes-men-black-hp6685-i2849625597.html,https://lzd-img-global.slatic.net/g/p/e84cc5df589adfa064fc64a05fadac49.jpg_720x720q80.jpg_.webp,No product description available.,04-08-23
lazada,NIL,Adidas,adidas Lifestyle Nizza Shoes Men Green HQ6763, ,No Price Reduction,$99.00 ,0,https://www.lazada.sg/products/adidas-lifestyle-nizza-shoes-men-green-hq6763-i2757699290.html,https://lzd-img-global.slatic.net/g/p/8ee6b3a0364af1d7acc3f43fa106551b.jpg_720x720q80.jpg_.webp,No product description available.,04-08-23
lazada,NIL,Adidas,adidas Lifestyle NMD V3 Shoes Men Brown FZ6496, ,No Price Reduction,$259.00 ,0,https://www.lazada.sg/products/adidas-lifestyle-nmd-v3-shoes-men-brown-fz6496-i2838833729.html,https://lzd-img-global.slatic.net/g/p/17d0756fec59555e51d5cc7e03c7f3dc.jpg_720x720q80.jpg_.webp,No product description available.,04-08-23
lazada,NIL,Adidas,adidas Lifestyle Advantage Shoes Men White ID9644, ,No Price Reduction,$99.00 ,0,https://www.lazada.sg/products/adidas-lifestyle-advantage-shoes-men-white-id9644-i2807923765.html,https://lzd-img-global.slatic.net/g/p/d3778fd0865e97693b8cdacebe9b3a46.jpg_720x720q80.jpg_.webp,No product description available.,04-08-23
lazada,NIL,Adidas,adidas Running Duramo 10 Shoes Men Grey HP2381, ,$99.00 ,$79.20 ,0,https://www.lazada.sg/products/adidas-running-duramo-10-shoes-men-grey-hp2381-i2762175750.html,https://lzd-img-global.slatic.net/g/p/0250235b9b891cc1c69e3ffff67a92c1.jpg_720x720q80.jpg_.webp,No product description available.,04-08-23
lazada,NIL,Adidas,adidas Running Duramo 10 Shoes Men Blue HP2383, ,$99.00 ,$79.20 ,0,https://www.lazada.sg/products/adidas-running-duramo-10-shoes-men-blue-hp2383-i2757719053.html,https://lzd-img-global.slatic.net/g/p/08b7126cd2edb1d55690f4d74e54bd93.jpg_720x720q80.jpg_.webp,No product description available.,04-08-23
lazada,NIL,Adidas,adidas Running Questar Flow NXT Shoes Men Black GZ8102, ,No Price Reduction,$109.00 ,62,https://www.lazada.sg/products/adidas-running-questar-flow-nxt-shoes-men-black-gz8102-i2432577476.html,https://lzd-img-global.slatic.net/g/p/d8f15ce78df409c61ea6fe72a2b235b4.jpg_720x720q80.jpg_.webp,No product description available.,04-08-23
lazada,NIL,Adidas,adidas Tennis Grand Court Cloudfoam Comfort Shoes Men White ID4467, ,No Price Reduction,$109.00 ,0,https://www.lazada.sg/products/adidas-tennis-grand-court-cloudfoam-comfort-shoes-men-white-id4467-i2765684145.html,https://lzd-img-global.slatic.net/g/p/777cc0e7fd43581517303c9bb811c258.jpg_720x720q80.jpg_.webp,No product description available.,04-08-23
lazada,NIL,Adidas,adidas Running SolarGlide 4 Shoes Men Black S42558, ,$200.00 ,$100.00 ,20,https://www.lazada.sg/products/adidas-running-solarglide-4-shoes-men-black-i2432686163.html,https://lzd-img-global.slatic.net/g/p/e9eb583426d21531df3b153dc6da9e2f.jpg_720x720q80.jpg_.webp,No product description available.,04-08-23
