NIL,Under Armour,Under Armour UA Men's HOVR™ Mega 3 Clone Running Shoes, ,$229.00,$137.40,11,https://www.lazada.sg/products/under-armour-ua-mens-hovr-mega-3-clone-running-shoes-i2668887052.html,https://lzd-img-global.slatic.net/g/p/f724c772ab16ef4e10828ea648e4f983.jpg_720x720q80.jpg_.webp,04-08-2023
NIL,Under Armour,Under Armour UA Men's Charged Pursuit 3 Running Shoes, ,No Price Reduction,$79.00,24,https://www.lazada.sg/products/under-armour-ua-mens-charged-pursuit-3-running-shoes-i2743757462.html,https://lzd-img-global.slatic.net/g/p/9c26367eed4d99d4772535d672d7f205.jpg_720x720q80.jpg_.webp,04-08-2023
NIL,Under Armour,Under Armour UA Men's Charged Impulse 2 Knit Running Shoes, ,$99.00,$74.25,79,https://www.lazada.sg/products/under-armour-ua-mens-charged-impulse-2-knit-running-shoes-i2222262327.html,https://lzd-img-global.slatic.net/g/p/ab419b576a4571a78eb57add33f40f0e.jpg_720x720q80.jpg_.webp,04-08-2023
NIL,Under Armour,Under Armour UA Men's Charged Verssert Speckle Running Shoes, ,$99.00,$74.25,52,https://www.lazada.sg/products/under-armour-ua-mens-charged-verssert-speckle-running-shoes-i2690551393.html,https://lzd-img-global.slatic.net/g/p/60c45d94d3f11dc7a5f2ba9907216e61.jpg_720x720q80.jpg_.webp,04-08-2023
NIL,Under Armour,Under Armour Men's UA Charged Assert 10 Running Shoes, ,No Price Reduction,$89.00,0,https://www.lazada.sg/products/under-armour-mens-ua-charged-assert-10-running-shoes-i2848506542.html,https://lzd-img-global.slatic.net/g/p/f69e6c514e7018d7aac40ffd322c4d6d.jpg_720x720q80.jpg_.webp,04-08-2023
NIL,Under Armour,Under Armour UA Men's Charged Pursuit 3 Running Shoes, ,No Price Reduction,$79.00,77,https://www.lazada.sg/products/under-armour-ua-mens-charged-pursuit-3-running-shoes-i2222200540.html,https://lzd-img-global.slatic.net/g/p/bd749d3a2d585af4560d66f76cccb864.jpg_720x720q80.jpg_.webp,04-08-2023
NIL,Under Armour,Under Armour UA Men's Charged Vantage 2 Running Shoes, ,$99.00,$74.25,9,https://www.lazada.sg/products/under-armour-ua-mens-charged-vantage-2-running-shoes-i2690574381.html,https://lzd-img-global.slatic.net/g/p/c79dbe5e4eecc03b66470731764dcac2.jpg_720x720q80.jpg_.webp,04-08-2023
NIL,Under Armour,Under Armour UA Men's Charged Rogue 3 Knit Running Shoes, ,$99.00,$74.25,11,https://www.lazada.sg/products/under-armour-ua-mens-charged-rogue-3-knit-running-shoes-i2690528583.html,https://lzd-img-global.slatic.net/g/p/b352cbbf5c8735e3d4011e25e9b6c33c.jpg_720x720q80.jpg_.webp,04-08-2023
NIL,Under Armour,Under Armour UA Men's Charged Rogue 3 Running Shoes, ,No Price Reduction,$99.00,51,https://www.lazada.sg/products/under-armour-ua-mens-charged-rogue-3-running-shoes-i2528764177.html,https://lzd-img-global.slatic.net/g/p/84d9601bf551759e0c0858969cbf6097.jpg_720x720q80.jpg_.webp,04-08-2023
NIL,Under Armour,Under Armour UA Men's Charged Breeze 2 Running Shoes, ,No Price Reduction,$129.00,17,https://www.lazada.sg/products/under-armour-ua-mens-charged-breeze-2-running-shoes-i2690449576.html,https://lzd-img-global.slatic.net/g/p/d4620e9173a44ccac3086f2491acb308.jpg_720x720q80.jpg_.webp,04-08-2023
NIL,Under Armour,Under Armour UA Men's Charged Breeze 2 Running Shoes, ,$129.00,$96.75,6,https://www.lazada.sg/products/under-armour-ua-mens-charged-breeze-2-running-shoes-i2743711808.html,https://lzd-img-global.slatic.net/g/p/36fdffa737b9b09eb84b102c8f7e3e4d.jpg_720x720q80.jpg_.webp,04-08-2023
NIL,Under Armour,Under Armour UA Men's Charged Pursuit 3 Running Shoes, ,No Price Reduction,$79.00,41,https://www.lazada.sg/products/under-armour-ua-mens-charged-pursuit-3-running-shoes-i2690485670.html,https://lzd-img-global.slatic.net/g/p/837668ce7abae9ab97e20afb708b5b6e.jpg_720x720q80.jpg_.webp,04-08-2023
NIL,Under Armour,Under Armour UA Men's HOVR™ Sonic 5 Running Shoes, ,$179.00,$107.40,127,https://www.lazada.sg/products/under-armour-ua-mens-hovr-sonic-5-running-shoes-i2414157548.html,https://lzd-img-global.slatic.net/g/p/d451f1d40de9b29e5604f7cf09ad4810.jpg_720x720q80.jpg_.webp,04-08-2023
NIL,Under Armour,Under Armour UA Men's HOVR™ Mega 2 Clone Running Shoes, ,$219.00,$131.40,26,https://www.lazada.sg/products/under-armour-ua-mens-hovr-mega-2-clone-running-shoes-i1974926429.html,https://lzd-img-global.slatic.net/g/p/570fd270f01574c675d035fad1a3c1cd.jpg_720x720q80.jpg_.webp,04-08-2023
NIL,Under Armour,Under Armour UA Men's Charged Pursuit 3 Running Shoes, ,No Price Reduction,$79.00,17,https://www.lazada.sg/products/under-armour-ua-mens-charged-pursuit-3-running-shoes-i2671611562.html,https://lzd-img-global.slatic.net/g/p/5058a1017df3658fd651f7e7258a01d6.jpg_720x720q80.jpg_.webp,04-08-2023
NIL,Under Armour,Under Armour UA Men's Charged Maven Trek Trail Shoes, ,No Price Reduction,$159.00,0,https://www.lazada.sg/products/under-armour-ua-mens-charged-maven-trek-trail-shoes-i2743641826.html,https://lzd-img-global.slatic.net/g/p/036c091f4b443e93dce8389ac176ce7f.jpg_720x720q80.jpg_.webp,04-08-2023
NIL,Under Armour,Under Armour UA Men's Flow Velociti SE Running Shoes, ,$199.00,$119.40,18,https://www.lazada.sg/products/under-armour-ua-mens-flow-velociti-se-running-shoes-i2012774303.html,https://lzd-img-global.slatic.net/g/p/f8d103db6844f9dedba516fe2e5d87f8.jpg_720x720q80.jpg_.webp,04-08-2023
NIL,Under Armour,Under Armour UA Men's HOVR™ Sonic 5 Running Shoes, ,$179.00,$107.40,11,https://www.lazada.sg/products/under-armour-ua-mens-hovr-sonic-5-running-shoes-i2672167532.html,https://lzd-img-global.slatic.net/g/p/9a305561150b21ec7f413d108167996d.jpg_720x720q80.jpg_.webp,04-08-2023
NIL,Under Armour,Under Armour UA Unisex HOVR™ Phantom 2 IntelliKnit Slip Pride Running Shoes, ,$229.00,$137.40,0,https://www.lazada.sg/products/under-armour-ua-unisex-hovr-phantom-2-intelliknit-slip-pride-running-shoes-i2555421171.html,https://lzd-img-global.slatic.net/g/p/0fca992fbb4a2af6e6e350a42441e46a.jpg_720x720q80.jpg_.webp,04-08-2023
NIL,Under Armour,Under Armour UA Men's Charged Impulse 3 Running Shoes, ,$99.00,$74.25,0,https://www.lazada.sg/products/under-armour-ua-mens-charged-impulse-3-running-shoes-i2752269756.html,https://lzd-img-global.slatic.net/g/p/df44655e3b5f6850c2fdd8b483226df6.jpg_720x720q80.jpg_.webp,04-08-2023
NIL,Under Armour,Under Armour UA Men's HOVR™ Phantom 3 Running Shoes, ,$239.00,$179.25,0,https://www.lazada.sg/products/under-armour-ua-mens-hovr-phantom-3-running-shoes-i2668771794.html,https://lzd-img-global.slatic.net/g/p/2861166d49a003719ef6baf9d3aacc2a.jpg_720x720q80.jpg_.webp,04-08-2023
NIL,Under Armour,Under Armour UA Men's Flow Velociti Wind 2 Running Shoes, ,$239.00,$143.40,12,https://www.lazada.sg/products/under-armour-ua-mens-flow-velociti-wind-2-running-shoes-i2668823465.html,https://lzd-img-global.slatic.net/g/p/4489230def5005b82b55f32b4ab98d95.jpg_720x720q80.jpg_.webp,04-08-2023
NIL,Under Armour,Under Armour UA Unisex HOVR™ Phantom 3 Storm Running Shoes, ,$239.00,$143.40,14,https://www.lazada.sg/products/under-armour-ua-unisex-hovr-phantom-3-storm-running-shoes-i2668775755.html,https://lzd-img-global.slatic.net/g/p/478f0ab9e7a69977e726b435c41674e5.jpg_720x720q80.jpg_.webp,04-08-2023
NIL,Under Armour,Under Armour UA Men's Charged Rogue 3 Knit Running Shoes, ,$99.00,$74.25,0,https://www.lazada.sg/products/under-armour-ua-mens-charged-rogue-3-knit-running-shoes-i2752382586.html,https://lzd-img-global.slatic.net/g/p/983c8617b644d48bbbd918d95197dd16.jpg_720x720q80.jpg_.webp,04-08-2023
NIL,Under Armour,Under Armour UA Men's Charged Vantage 2 Running Shoes, ,No Price Reduction,$99.00,29,https://www.lazada.sg/products/under-armour-ua-mens-charged-vantage-2-running-shoes-i2743747445.html,https://lzd-img-global.slatic.net/g/p/ab83c02d11c006d477e85d25ac74c294.jpg_720x720q80.jpg_.webp,04-08-2023
NIL,Under Armour,Under Armour UA Men's HOVR™ Turbulence Running Shoes, ,No Price Reduction,$129.00,5,https://www.lazada.sg/products/under-armour-ua-mens-hovr-turbulence-running-shoes-i2752422386.html,https://lzd-img-global.slatic.net/g/p/9beb9dea96ddc501da9b15b99830c2ae.jpg_720x720q80.jpg_.webp,04-08-2023
NIL,Under Armour,Under Armour UA Men's HOVR™ Phantom 3 Running Shoes, ,$239.00,$143.40,20,https://www.lazada.sg/products/under-armour-ua-mens-hovr-phantom-3-running-shoes-i2668865152.html,https://lzd-img-global.slatic.net/g/p/1e51bd892ba76806c8189d8d45176fa7.jpg_720x720q80.jpg_.webp,04-08-2023
NIL,Under Armour,Under Armour UA Men's Charged Impulse 3 Running Shoes, ,No Price Reduction,$99.00,8,https://www.lazada.sg/products/under-armour-ua-mens-charged-impulse-3-running-shoes-i2752277849.html,https://lzd-img-global.slatic.net/g/p/5b3dd67c95fb4490b1f80723ffad55ff.jpg_720x720q80.jpg_.webp,04-08-2023
NIL,Under Armour,Under Armour UA Men's Charged Escape 4 Running Shoes, ,No Price Reduction,$129.00,87,https://www.lazada.sg/products/under-armour-ua-mens-charged-escape-4-running-shoes-i2528552130.html,https://lzd-img-global.slatic.net/g/p/3bd5e90cb2fc0bd0cd16b4dbac1c00cd.jpg_720x720q80.jpg_.webp,04-08-2023
NIL,Under Armour,Under Armour UA Men's HOVR™ Infinite 4 Run Anywhere Running Shoes, ,No Price Reduction,$199.00,0,https://www.lazada.sg/products/under-armour-ua-mens-hovr-infinite-4-run-anywhere-running-shoes-i2668819423.html,https://lzd-img-global.slatic.net/g/p/17587750a15895977981f0d4026d115f.jpg_720x720q80.jpg_.webp,04-08-2023
NIL,Under Armour,Under Armour UA Men's Flow Velociti Wind 2 Running Shoes, ,$239.00,$143.40,9,https://www.lazada.sg/products/under-armour-ua-mens-flow-velociti-wind-2-running-shoes-i2668889078.html,https://lzd-img-global.slatic.net/g/p/c2840eebd6c464ad0fb6457b3c3e1a42.jpg_720x720q80.jpg_.webp,04-08-2023
NIL,Under Armour,Under Armour UA Men's HOVR™ Infinite 4 Running Shoes, ,$199.00,$119.40,0,https://www.lazada.sg/products/under-armour-ua-mens-hovr-infinite-4-running-shoes-i2672121779.html,https://lzd-img-global.slatic.net/g/p/6d99165d060fce070fe9d9ff8dc72b68.jpg_720x720q80.jpg_.webp,04-08-2023
NIL,Under Armour,Under Armour UA Unisex HOVR™ Ridge Trek Trail Running Shoes, ,$219.00,$131.40,0,https://www.lazada.sg/products/under-armour-ua-unisex-hovr-ridge-trek-trail-running-shoes-i2668851193.html,https://lzd-img-global.slatic.net/g/p/9ee828baed98ab2e93ff19cb495b5e4b.jpg_720x720q80.jpg_.webp,04-08-2023
NIL,Under Armour,Under Armour UA Unisex HOVR™ Summit Fat Tire Delta Running Shoes, ,$279.00,$167.40,6,https://www.lazada.sg/products/under-armour-ua-unisex-hovr-summit-fat-tire-delta-running-shoes-i2668798565.html,https://lzd-img-global.slatic.net/g/p/64727fdab6193d4ff0e55e9270d18c10.jpg_720x720q80.jpg_.webp,04-08-2023
NIL,Under Armour,Under Armour UA Men's Charged Escape 4 Printed Running Shoes, ,$129.00,$96.75,15,https://www.lazada.sg/products/under-armour-ua-mens-charged-escape-4-printed-running-shoes-i2690544603.html,https://lzd-img-global.slatic.net/g/p/2bb7fa4d3286a6ca3703c4fbe95aaa96.jpg_720x720q80.jpg_.webp,04-08-2023
NIL,Under Armour,Under Armour UA Men's HOVR™ Phantom 2 IntelliKnit Running Shoes, ,$229.00,$137.40,0,https://www.lazada.sg/products/under-armour-ua-mens-hovr-phantom-2-intelliknit-running-shoes-i2671598584.html,https://lzd-img-global.slatic.net/g/p/87218e32733f48819783321258937e4d.jpg_720x720q80.jpg_.webp,04-08-2023
NIL,Under Armour,Under Armour UA Men's HOVR™ Infinite 3 Storm Running Shoes, ,$219.00,$131.40,45,https://www.lazada.sg/products/under-armour-ua-mens-hovr-infinite-3-storm-running-shoes-i2203746250.html,https://lzd-img-global.slatic.net/g/p/71be4d3d76f784b90fccc601938f7738.jpg_720x720q80.jpg_.webp,04-08-2023
NIL,Under Armour,Under Armour UA Men's Flow Velociti Wind 2 Run Squad Running Shoes, ,$229.00,$137.40,0,https://www.lazada.sg/products/under-armour-ua-mens-flow-velociti-wind-2-run-squad-running-shoes-i2672182535.html,https://lzd-img-global.slatic.net/g/p/ef9d2cf38260ce9e81829f274b88703c.jpg_720x720q80.jpg_.webp,04-08-2023
NIL,Under Armour,Under Armour UA Men's HOVR™ Machina 3 Storm Running Shoes, ,$239.00,$143.40,0,https://www.lazada.sg/products/under-armour-ua-mens-hovr-machina-3-storm-running-shoes-i2671660295.html,https://lzd-img-global.slatic.net/g/p/d9c7a28e4ce635b306b2651353406ecd.jpg_720x720q80.jpg_.webp,04-08-2023
NIL,Under Armour,Under Armour Men's UA Charged Impulse 3 Knit Running Shoes, ,No Price Reduction,$99.00,0,https://www.lazada.sg/products/under-armour-mens-ua-charged-impulse-3-knit-running-shoes-i2848511561.html,https://lzd-img-global.slatic.net/g/p/5b7e6a2f652a42dfc8b99e68bbcf55ea.jpg_720x720q80.jpg_.webp,04-08-2023
NIL,Under Armour,Under Armour UA Men's Charged Pursuit 3 Running Shoes, ,No Price Reduction,$79.00,24,https://www.lazada.sg/products/under-armour-ua-mens-charged-pursuit-3-running-shoes-i2743757462.html,https://lzd-img-global.slatic.net/g/p/9c26367eed4d99d4772535d672d7f205.jpg_720x720q80.jpg_.webp,04-08-2023
NIL,Under Armour,Under Armour UA Men's HOVR™ Mega 3 Clone Running Shoes, ,$229.00,$137.40,11,https://www.lazada.sg/products/under-armour-ua-mens-hovr-mega-3-clone-running-shoes-i2668887052.html,https://lzd-img-global.slatic.net/g/p/f724c772ab16ef4e10828ea648e4f983.jpg_720x720q80.jpg_.webp,04-08-2023
NIL,Under Armour,Under Armour UA Men's Charged Impulse 2 Knit Running Shoes, ,$99.00,$74.25,79,https://www.lazada.sg/products/under-armour-ua-mens-charged-impulse-2-knit-running-shoes-i2222262327.html,https://lzd-img-global.slatic.net/g/p/ab419b576a4571a78eb57add33f40f0e.jpg_720x720q80.jpg_.webp,04-08-2023
NIL,Under Armour,Under Armour UA Men's Charged Verssert Speckle Running Shoes, ,$99.00,$74.25,52,https://www.lazada.sg/products/under-armour-ua-mens-charged-verssert-speckle-running-shoes-i2690551393.html,https://lzd-img-global.slatic.net/g/p/60c45d94d3f11dc7a5f2ba9907216e61.jpg_720x720q80.jpg_.webp,04-08-2023
NIL,Under Armour,Under Armour Men's UA Charged Assert 10 Running Shoes, ,No Price Reduction,$89.00,0,https://www.lazada.sg/products/under-armour-mens-ua-charged-assert-10-running-shoes-i2848506542.html,https://lzd-img-global.slatic.net/g/p/f69e6c514e7018d7aac40ffd322c4d6d.jpg_720x720q80.jpg_.webp,04-08-2023
NIL,Under Armour,Under Armour UA Men's Charged Pursuit 3 Running Shoes, ,No Price Reduction,$79.00,77,https://www.lazada.sg/products/under-armour-ua-mens-charged-pursuit-3-running-shoes-i2222200540.html,https://lzd-img-global.slatic.net/g/p/bd749d3a2d585af4560d66f76cccb864.jpg_720x720q80.jpg_.webp,04-08-2023
NIL,Under Armour,Under Armour UA Men's Charged Vantage 2 Running Shoes, ,$99.00,$74.25,9,https://www.lazada.sg/products/under-armour-ua-mens-charged-vantage-2-running-shoes-i2690574381.html,https://lzd-img-global.slatic.net/g/p/c79dbe5e4eecc03b66470731764dcac2.jpg_720x720q80.jpg_.webp,04-08-2023
NIL,Under Armour,Under Armour UA Men's Charged Rogue 3 Knit Running Shoes, ,$99.00,$74.25,11,https://www.lazada.sg/products/under-armour-ua-mens-charged-rogue-3-knit-running-shoes-i2690528583.html,https://lzd-img-global.slatic.net/g/p/b352cbbf5c8735e3d4011e25e9b6c33c.jpg_720x720q80.jpg_.webp,04-08-2023
NIL,Under Armour,Under Armour UA Men's Charged Breeze 2 Running Shoes, ,No Price Reduction,$129.00,17,https://www.lazada.sg/products/under-armour-ua-mens-charged-breeze-2-running-shoes-i2690449576.html,https://lzd-img-global.slatic.net/g/p/d4620e9173a44ccac3086f2491acb308.jpg_720x720q80.jpg_.webp,04-08-2023
NIL,Under Armour,Under Armour UA Men's Charged Rogue 3 Running Shoes, ,No Price Reduction,$99.00,51,https://www.lazada.sg/products/under-armour-ua-mens-charged-rogue-3-running-shoes-i2528764177.html,https://lzd-img-global.slatic.net/g/p/84d9601bf551759e0c0858969cbf6097.jpg_720x720q80.jpg_.webp,04-08-2023
NIL,Under Armour,Under Armour UA Men's Charged Breeze 2 Running Shoes, ,$129.00,$96.75,6,https://www.lazada.sg/products/under-armour-ua-mens-charged-breeze-2-running-shoes-i2743711808.html,https://lzd-img-global.slatic.net/g/p/36fdffa737b9b09eb84b102c8f7e3e4d.jpg_720x720q80.jpg_.webp,04-08-2023
NIL,Under Armour,Under Armour UA Men's Charged Pursuit 3 Running Shoes, ,No Price Reduction,$79.00,41,https://www.lazada.sg/products/under-armour-ua-mens-charged-pursuit-3-running-shoes-i2690485670.html,https://lzd-img-global.slatic.net/g/p/837668ce7abae9ab97e20afb708b5b6e.jpg_720x720q80.jpg_.webp,04-08-2023
NIL,Under Armour,Under Armour UA Men's HOVR™ Sonic 5 Running Shoes, ,$179.00,$107.40,127,https://www.lazada.sg/products/under-armour-ua-mens-hovr-sonic-5-running-shoes-i2414157548.html,https://lzd-img-global.slatic.net/g/p/d451f1d40de9b29e5604f7cf09ad4810.jpg_720x720q80.jpg_.webp,04-08-2023
NIL,Under Armour,Under Armour UA Men's Charged Maven Trek Trail Shoes, ,No Price Reduction,$159.00,0,https://www.lazada.sg/products/under-armour-ua-mens-charged-maven-trek-trail-shoes-i2743641826.html,https://lzd-img-global.slatic.net/g/p/036c091f4b443e93dce8389ac176ce7f.jpg_720x720q80.jpg_.webp,04-08-2023
NIL,Under Armour,Under Armour UA Men's HOVR™ Mega 2 Clone Running Shoes, ,$219.00,$131.40,26,https://www.lazada.sg/products/under-armour-ua-mens-hovr-mega-2-clone-running-shoes-i1974926429.html,https://lzd-img-global.slatic.net/g/p/570fd270f01574c675d035fad1a3c1cd.jpg_720x720q80.jpg_.webp,04-08-2023
NIL,Under Armour,Under Armour UA Men's Charged Pursuit 3 Running Shoes, ,No Price Reduction,$79.00,17,https://www.lazada.sg/products/under-armour-ua-mens-charged-pursuit-3-running-shoes-i2671611562.html,https://lzd-img-global.slatic.net/g/p/5058a1017df3658fd651f7e7258a01d6.jpg_720x720q80.jpg_.webp,04-08-2023
NIL,Under Armour,Under Armour UA Men's Charged Impulse 3 Running Shoes, ,$99.00,$74.25,0,https://www.lazada.sg/products/under-armour-ua-mens-charged-impulse-3-running-shoes-i2752269756.html,https://lzd-img-global.slatic.net/g/p/df44655e3b5f6850c2fdd8b483226df6.jpg_720x720q80.jpg_.webp,04-08-2023
NIL,Under Armour,Under Armour UA Men's HOVR™ Sonic 5 Running Shoes, ,$179.00,$107.40,11,https://www.lazada.sg/products/under-armour-ua-mens-hovr-sonic-5-running-shoes-i2672167532.html,https://lzd-img-global.slatic.net/g/p/9a305561150b21ec7f413d108167996d.jpg_720x720q80.jpg_.webp,04-08-2023
NIL,Under Armour,Under Armour UA Men's Flow Velociti SE Running Shoes, ,$199.00,$119.40,18,https://www.lazada.sg/products/under-armour-ua-mens-flow-velociti-se-running-shoes-i2012774303.html,https://lzd-img-global.slatic.net/g/p/f8d103db6844f9dedba516fe2e5d87f8.jpg_720x720q80.jpg_.webp,04-08-2023
NIL,Under Armour,Under Armour UA Men's HOVR™ Phantom 3 Running Shoes, ,$239.00,$179.25,0,https://www.lazada.sg/products/under-armour-ua-mens-hovr-phantom-3-running-shoes-i2668771794.html,https://lzd-img-global.slatic.net/g/p/2861166d49a003719ef6baf9d3aacc2a.jpg_720x720q80.jpg_.webp,04-08-2023
NIL,Under Armour,Under Armour UA Unisex HOVR™ Phantom 2 IntelliKnit Slip Pride Running Shoes, ,$229.00,$137.40,0,https://www.lazada.sg/products/under-armour-ua-unisex-hovr-phantom-2-intelliknit-slip-pride-running-shoes-i2555421171.html,https://lzd-img-global.slatic.net/g/p/0fca992fbb4a2af6e6e350a42441e46a.jpg_720x720q80.jpg_.webp,04-08-2023
NIL,Under Armour,Under Armour UA Men's Flow Velociti Wind 2 Running Shoes, ,$239.00,$143.40,12,https://www.lazada.sg/products/under-armour-ua-mens-flow-velociti-wind-2-running-shoes-i2668823465.html,https://lzd-img-global.slatic.net/g/p/4489230def5005b82b55f32b4ab98d95.jpg_720x720q80.jpg_.webp,04-08-2023
NIL,Under Armour,Under Armour UA Men's Charged Vantage 2 Running Shoes, ,No Price Reduction,$99.00,29,https://www.lazada.sg/products/under-armour-ua-mens-charged-vantage-2-running-shoes-i2743747445.html,https://lzd-img-global.slatic.net/g/p/ab83c02d11c006d477e85d25ac74c294.jpg_720x720q80.jpg_.webp,04-08-2023
NIL,Under Armour,Under Armour UA Men's Charged Rogue 3 Knit Running Shoes, ,$99.00,$74.25,0,https://www.lazada.sg/products/under-armour-ua-mens-charged-rogue-3-knit-running-shoes-i2752382586.html,https://lzd-img-global.slatic.net/g/p/983c8617b644d48bbbd918d95197dd16.jpg_720x720q80.jpg_.webp,04-08-2023
NIL,Under Armour,Under Armour UA Men's HOVR™ Turbulence Running Shoes, ,No Price Reduction,$129.00,5,https://www.lazada.sg/products/under-armour-ua-mens-hovr-turbulence-running-shoes-i2752422386.html,https://lzd-img-global.slatic.net/g/p/9beb9dea96ddc501da9b15b99830c2ae.jpg_720x720q80.jpg_.webp,04-08-2023
NIL,Under Armour,Under Armour UA Unisex HOVR™ Phantom 3 Storm Running Shoes, ,$239.00,$143.40,14,https://www.lazada.sg/products/under-armour-ua-unisex-hovr-phantom-3-storm-running-shoes-i2668775755.html,https://lzd-img-global.slatic.net/g/p/478f0ab9e7a69977e726b435c41674e5.jpg_720x720q80.jpg_.webp,04-08-2023
NIL,Under Armour,Under Armour UA Men's Charged Escape 4 Running Shoes, ,No Price Reduction,$129.00,87,https://www.lazada.sg/products/under-armour-ua-mens-charged-escape-4-running-shoes-i2528552130.html,https://lzd-img-global.slatic.net/g/p/3bd5e90cb2fc0bd0cd16b4dbac1c00cd.jpg_720x720q80.jpg_.webp,04-08-2023
NIL,Under Armour,Under Armour UA Men's Charged Impulse 3 Running Shoes, ,No Price Reduction,$99.00,8,https://www.lazada.sg/products/under-armour-ua-mens-charged-impulse-3-running-shoes-i2752277849.html,https://lzd-img-global.slatic.net/g/p/5b3dd67c95fb4490b1f80723ffad55ff.jpg_720x720q80.jpg_.webp,04-08-2023
NIL,Under Armour,Under Armour UA Men's HOVR™ Phantom 3 Running Shoes, ,$239.00,$143.40,20,https://www.lazada.sg/products/under-armour-ua-mens-hovr-phantom-3-running-shoes-i2668865152.html,https://lzd-img-global.slatic.net/g/p/1e51bd892ba76806c8189d8d45176fa7.jpg_720x720q80.jpg_.webp,04-08-2023
NIL,Under Armour,Under Armour UA Unisex HOVR™ Summit Fat Tire Delta Running Shoes, ,$279.00,$167.40,6,https://www.lazada.sg/products/under-armour-ua-unisex-hovr-summit-fat-tire-delta-running-shoes-i2668798565.html,https://lzd-img-global.slatic.net/g/p/64727fdab6193d4ff0e55e9270d18c10.jpg_720x720q80.jpg_.webp,04-08-2023
NIL,Under Armour,Under Armour UA Men's HOVR™ Infinite 4 Running Shoes, ,$199.00,$119.40,0,https://www.lazada.sg/products/under-armour-ua-mens-hovr-infinite-4-running-shoes-i2672121779.html,https://lzd-img-global.slatic.net/g/p/6d99165d060fce070fe9d9ff8dc72b68.jpg_720x720q80.jpg_.webp,04-08-2023
NIL,Under Armour,Under Armour UA Men's Charged Escape 4 Printed Running Shoes, ,$129.00,$96.75,15,https://www.lazada.sg/products/under-armour-ua-mens-charged-escape-4-printed-running-shoes-i2690544603.html,https://lzd-img-global.slatic.net/g/p/2bb7fa4d3286a6ca3703c4fbe95aaa96.jpg_720x720q80.jpg_.webp,04-08-2023
NIL,Under Armour,Under Armour UA Men's Flow Velociti Wind 2 Running Shoes, ,$239.00,$143.40,9,https://www.lazada.sg/products/under-armour-ua-mens-flow-velociti-wind-2-running-shoes-i2668889078.html,https://lzd-img-global.slatic.net/g/p/c2840eebd6c464ad0fb6457b3c3e1a42.jpg_720x720q80.jpg_.webp,04-08-2023
NIL,Under Armour,Under Armour UA Men's HOVR™ Infinite 4 Run Anywhere Running Shoes, ,No Price Reduction,$199.00,0,https://www.lazada.sg/products/under-armour-ua-mens-hovr-infinite-4-run-anywhere-running-shoes-i2668819423.html,https://lzd-img-global.slatic.net/g/p/17587750a15895977981f0d4026d115f.jpg_720x720q80.jpg_.webp,04-08-2023
NIL,Under Armour,Under Armour UA Unisex HOVR™ Ridge Trek Trail Running Shoes, ,$219.00,$131.40,0,https://www.lazada.sg/products/under-armour-ua-unisex-hovr-ridge-trek-trail-running-shoes-i2668851193.html,https://lzd-img-global.slatic.net/g/p/9ee828baed98ab2e93ff19cb495b5e4b.jpg_720x720q80.jpg_.webp,04-08-2023
NIL,Under Armour,Under Armour UA Men's HOVR™ Machina 3 Storm Running Shoes, ,$239.00,$143.40,0,https://www.lazada.sg/products/under-armour-ua-mens-hovr-machina-3-storm-running-shoes-i2671660295.html,https://lzd-img-global.slatic.net/g/p/d9c7a28e4ce635b306b2651353406ecd.jpg_720x720q80.jpg_.webp,04-08-2023
NIL,Under Armour,Under Armour UA Men's HOVR™ Phantom 2 IntelliKnit Running Shoes, ,$229.00,$137.40,0,https://www.lazada.sg/products/under-armour-ua-mens-hovr-phantom-2-intelliknit-running-shoes-i2671598584.html,https://lzd-img-global.slatic.net/g/p/87218e32733f48819783321258937e4d.jpg_720x720q80.jpg_.webp,04-08-2023
NIL,Under Armour,Under Armour Men's UA Charged Impulse 3 Knit Running Shoes, ,No Price Reduction,$99.00,0,https://www.lazada.sg/products/under-armour-mens-ua-charged-impulse-3-knit-running-shoes-i2848511561.html,https://lzd-img-global.slatic.net/g/p/5b7e6a2f652a42dfc8b99e68bbcf55ea.jpg_720x720q80.jpg_.webp,04-08-2023
NIL,Under Armour,Under Armour UA Men's HOVR™ Infinite 3 Storm Running Shoes, ,$219.00,$131.40,45,https://www.lazada.sg/products/under-armour-ua-mens-hovr-infinite-3-storm-running-shoes-i2203746250.html,https://lzd-img-global.slatic.net/g/p/71be4d3d76f784b90fccc601938f7738.jpg_720x720q80.jpg_.webp,04-08-2023
NIL,Under Armour,Under Armour UA Men's Flow Velociti Wind 2 Run Squad Running Shoes, ,$229.00,$137.40,0,https://www.lazada.sg/products/under-armour-ua-mens-flow-velociti-wind-2-run-squad-running-shoes-i2672182535.html,https://lzd-img-global.slatic.net/g/p/ef9d2cf38260ce9e81829f274b88703c.jpg_720x720q80.jpg_.webp,04-08-2023
NIL,Under Armour,Under Armour UA Men's TriBase™ Vital Training Shoes, ,$159.00,$119.25,0,https://www.lazada.sg/products/under-armour-ua-mens-tribase-vital-training-shoes-i2743797085.html,https://lzd-img-global.slatic.net/g/p/b1140b186cf064ea71677075dab18b90.jpg_720x720q80.jpg_.webp,04-08-2023
NIL,Under Armour,Under Armour UA Men's Charged Engage 2 Training Shoes, ,$99.00,$74.25,0,https://www.lazada.sg/products/under-armour-ua-mens-charged-engage-2-training-shoes-i2743777215.html,https://lzd-img-global.slatic.net/g/p/63fff087bd938f44a703c6240aeb34b8.jpg_720x720q80.jpg_.webp,04-08-2023
NIL,Under Armour,Under Armour UA Men's Charged Engage 2 Training Shoes, ,No Price Reduction,$99.00,139,https://www.lazada.sg/products/under-armour-ua-mens-charged-engage-2-training-shoes-i2528523261.html,https://lzd-img-global.slatic.net/g/p/70cabe403aaf83b899307703500c4ace.jpg_720x720q80.jpg_.webp,04-08-2023
NIL,Under Armour,Under Armour UA Men's Essential Sportstyle Shoes, ,$79.00,$59.25,85,https://www.lazada.sg/products/under-armour-ua-mens-essential-sportstyle-shoes-i2012738491.html,https://lzd-img-global.slatic.net/g/p/f1645e7cfb1aa2b267b93b285382031d.jpg_720x720q80.jpg_.webp,04-08-2023
NIL,Under Armour,Under Armour Men's UA Charged Engage 2 Training Shoes, ,$99.00,$74.25,0,https://www.lazada.sg/products/under-armour-mens-ua-charged-engage-2-training-shoes-i2835636619.html,https://lzd-img-global.slatic.net/g/p/87aa4b4e4c371396c8c9362b070c2116.jpg_720x720q80.jpg_.webp,04-08-2023
NIL,Under Armour,Under Armour UA  Men's TriBase™ Reign 5 Training Shoes, ,No Price Reduction,$189.00,0,https://www.lazada.sg/products/under-armour-ua-mens-tribase-reign-5-training-shoes-i2794221933.html,https://lzd-img-global.slatic.net/g/p/89b0f77494d03d8bd9043714d4b51873.jpg_720x720q80.jpg_.webp,04-08-2023
NIL,Under Armour,Under Armour UA Men's HOVR™ Rise 4 Training Shoes, ,$159.00,$95.40,24,https://www.lazada.sg/products/under-armour-ua-mens-hovr-rise-4-training-shoes-i2668818505.html,https://lzd-img-global.slatic.net/g/p/4aa19c182b5b77c1df9c06b0172bb3ad.jpg_720x720q80.jpg_.webp,04-08-2023
NIL,Under Armour,Under Armour UA Men's Project Rock 4 Training Shoes, ,$219.00,$131.40,16,https://www.lazada.sg/products/under-armour-ua-mens-project-rock-4-training-shoes-i2012761387.html,https://lzd-img-global.slatic.net/g/p/cbfd6641ef7d9b80fd2d3495174ddfef.jpg_720x720q80.jpg_.webp,04-08-2023
NIL,Under Armour,Under Armour UA Men's Charged Commit 3 Training Shoes, ,No Price Reduction,$129.00,0,https://www.lazada.sg/products/under-armour-ua-mens-charged-commit-3-training-shoes-i2671570905.html,https://lzd-img-global.slatic.net/g/p/33c0eeba49034adca72b983609332821.jpg_720x720q80.jpg_.webp,04-08-2023
NIL,Under Armour,Under Armour UA Men's Charged Focus Training Shoes, ,$129.00,$77.40,46,https://www.lazada.sg/products/under-armour-ua-mens-charged-focus-training-shoes-i1974945193.html,https://lzd-img-global.slatic.net/g/p/a990fd1e2f7c40ca26e819e8f11c6efb.jpg_720x720q80.jpg_.webp,04-08-2023
NIL,Under Armour,Under Armour UA Men's TriBase™ Vital Training Shoes, ,$159.00,$119.25,14,https://www.lazada.sg/products/under-armour-ua-mens-tribase-vital-training-shoes-i2743722569.html,https://lzd-img-global.slatic.net/g/p/c8be0992376c0f0d3b5e75489fb90934.jpg_720x720q80.jpg_.webp,04-08-2023
NIL,Under Armour,Under Armour UA Men's HOVR™ Rise 4 Training Shoes, ,$159.00,$119.25,0,https://www.lazada.sg/products/under-armour-ua-mens-hovr-rise-4-training-shoes-i2752335919.html,https://lzd-img-global.slatic.net/g/p/469ff744bd87a68da401b42c038f1216.jpg_720x720q80.jpg_.webp,04-08-2023
NIL,Under Armour,Under Armour UA Men's HOVR™ Rise 4 Training Shoes, ,$159.00,$119.25,12,https://www.lazada.sg/products/under-armour-ua-mens-hovr-rise-4-training-shoes-i2650498300.html,https://lzd-img-global.slatic.net/g/p/85391de8c3104e5519169c545699d19f.jpg_720x720q80.jpg_.webp,04-08-2023
NIL,Under Armour,Under Armour UA Men's HOVR™ Apex 3 Training Shoes, ,No Price Reduction,$219.00,0,https://www.lazada.sg/products/under-armour-ua-mens-hovr-apex-3-training-shoes-i2671534957.html,https://lzd-img-global.slatic.net/g/p/eb8b5ed03407ba080d3faa4a53e89e28.jpg_720x720q80.jpg_.webp,04-08-2023
NIL,Under Armour,Under Armour Men's Project Rock 5 Training Shoes, ,$229.00,$171.75,0,https://www.lazada.sg/products/under-armour-mens-project-rock-5-training-shoes-i2835666475.html,https://lzd-img-global.slatic.net/g/p/38bbde3421681f5c0455fbc682c86748.jpg_720x720q80.jpg_.webp,04-08-2023
