shopee,NIL,Adidas,adidas Running Runfalcon 2.0 Shoes Men Black FZ2803,"15%OFF, 10%OFF, $5 OFF",$79.00,$63.20,93,https://shopee.sg/adidas-Running-Runfalcon-2.0-Shoes-Men-Black-FZ2803-i.265436651.9884093046?sp_atk=06b8973d-a5a9-4985-833a-a0b0af523ec4&xptdk=06b8973d-a5a9-4985-833a-a0b0af523ec4,https://down-sg.img.susercontent.com/file/sg-11134201-7qvfl-ljy0vj2es2yme3,04-08-2023
shopee,NIL,Adidas,adidas Tennis Advantage Shoes Men White GW9161,"15%OFF, 10%OFF, $5 OFF",No Price Reduction,$99.00,30,https://shopee.sg/adidas-Tennis-Advantage-Shoes-Men-White-GW9161-i.265436651.19472579375?sp_atk=c1b99764-1feb-4dcf-8564-46dcf6b00e88&xptdk=c1b99764-1feb-4dcf-8564-46dcf6b00e88,https://down-sg.img.susercontent.com/file/sg-11134201-7qvdy-ljy38pm1ausr3a,04-08-2023
shopee,NIL,Adidas,adidas Running Duramo 9 Shoes Men White EG8665,"15%OFF, 10%OFF, $5 OFF",$100.00,$70.00,30,https://shopee.sg/adidas-Running-Duramo-9-Shoes-Men-White-EG8665-i.265436651.10851290600?sp_atk=19787aab-45e8-4ef8-b33e-f653c5b2ae72&xptdk=19787aab-45e8-4ef8-b33e-f653c5b2ae72,https://down-sg.img.susercontent.com/file/sg-11134201-7qveq-ljy5g62te70q7e,04-08-2023
shopee,NIL,Adidas,adidas Running Duramo SL Shoes Men White FW7391,"15%OFF, 10%OFF, $5 OFF",$99.00,$69.30,27,https://shopee.sg/adidas-Running-Duramo-SL-Shoes-Men-White-FW7391-i.265436651.7345588718?sp_atk=5823507f-794c-4700-8340-13eb9e2386f8&xptdk=5823507f-794c-4700-8340-13eb9e2386f8,https://down-sg.img.susercontent.com/file/sg-11134201-7qvfc-ljy1rmzz92im7e,04-08-2023
shopee,NIL,Adidas,adidas Running Racer TR21 Shoes Men Green GZ8180,"15%OFF, 10%OFF, $5 OFF",$119.00,$83.30,21,https://shopee.sg/adidas-Running-Racer-TR21-Shoes-Men-Green-GZ8180-i.265436651.19948031810?sp_atk=4c0fbbe9-bf38-4319-b8b4-cd6aa12f5d8a&xptdk=4c0fbbe9-bf38-4319-b8b4-cd6aa12f5d8a,https://down-sg.img.susercontent.com/file/sg-11134201-7qvej-ljy3u916j0k70a,04-08-2023
shopee,NIL,Adidas,adidas Running EQ19 Run Shoes Men Black GV7373,NA,No Price Reduction,$99.00,18,https://shopee.sg/adidas-Running-EQ19-Run-Shoes-Men-Black-GV7373-i.265436651.23322229295?sp_atk=6b3c371c-def1-49cc-b37d-488528a78429&xptdk=6b3c371c-def1-49cc-b37d-488528a78429,https://down-sg.img.susercontent.com/file/sg-11134201-7qve2-ljy0gus5wdknd0,04-08-2023
shopee,NIL,Adidas,adidas Lifestyle Stan Smith Shoes Unisex White FX5501,NA,No Price Reduction,$159.00,16,https://shopee.sg/adidas-Lifestyle-Stan-Smith-Shoes-Unisex-White-FX5501-i.265436651.6568676721?sp_atk=6e607be8-71d5-43b8-b33a-54e3901be466&xptdk=6e607be8-71d5-43b8-b33a-54e3901be466,https://down-sg.img.susercontent.com/file/sg-11134201-7qvdg-ljy3fr1wgkoka5,04-08-2023
shopee,NIL,Adidas,adidas Running Lite Racer 2.0 Shoes Men Black EG3284,"15%OFF, 10%OFF, $5 OFF",$90.00,$89.00,15,https://shopee.sg/adidas-Running-Lite-Racer-2.0-Shoes-Men-Black-EG3284-i.265436651.9384305192?sp_atk=4013475b-8698-4d85-bc17-e99c434694f2&xptdk=4013475b-8698-4d85-bc17-e99c434694f2,https://down-sg.img.susercontent.com/file/sg-11134201-7qvd2-ljy3kzy9znr204,04-08-2023
shopee,NIL,Adidas,adidas Running Run Falcon 2.0 Shoes Men Grey GX8240,"15%OFF, 10%OFF, $5 OFF",$79.00,$63.20,15,https://shopee.sg/adidas-Running-Run-Falcon-2.0-Shoes-Men-Grey-GX8240-i.265436651.23022231917?sp_atk=a8234f01-aa05-4cb9-b5b9-18f1304bc8ed&xptdk=a8234f01-aa05-4cb9-b5b9-18f1304bc8ed,https://down-sg.img.susercontent.com/file/sg-11134201-7qvfs-ljy5c5cv3imi7a,04-08-2023
shopee,NIL,Adidas,adidas Running Kaptir 2.0 Shoes Men Black H00278,"15%OFF, 10%OFF, $5 OFF",$120.00,$84.00,14,https://shopee.sg/adidas-Running-Kaptir-2.0-Shoes-Men-Black-H00278-i.265436651.15773558597?sp_atk=1866b6ef-3520-41ce-b9c6-71bee6adadff&xptdk=1866b6ef-3520-41ce-b9c6-71bee6adadff,https://down-sg.img.susercontent.com/file/sg-11134201-7qve0-ljy430s2gxle21,04-08-2023
shopee,NIL,Adidas,adidas Lifestyle adidas CT86 Shoes Men Grey GW5720,"15%OFF, 10%OFF, $5 OFF",$159.00,$127.20,14,https://shopee.sg/adidas-Lifestyle-adidas-CT86-Shoes-Men-Grey-GW5720-i.265436651.23522230193?sp_atk=16eb04c6-4f1e-4326-8688-9af498b08b78&xptdk=16eb04c6-4f1e-4326-8688-9af498b08b78,https://down-sg.img.susercontent.com/file/sg-11134201-7qvfe-ljy1e0j8y4necd,04-08-2023
shopee,NIL,Adidas,adidas Swimming Racer TR Slides Unisex Black G58170,"15%OFF, 10%OFF, $5 OFF",No Price Reduction,$50.00,13,https://shopee.sg/adidas-Swimming-Racer-TR-Slides-Unisex-Black-G58170-i.265436651.18272579444?sp_atk=fdd2f12f-0c4d-432c-91c9-9c155f8e52e4&xptdk=fdd2f12f-0c4d-432c-91c9-9c155f8e52e4,https://down-sg.img.susercontent.com/file/sg-11134201-7qvdb-ljxzhia85vw4a8,04-08-2023
shopee,NIL,Adidas,adidas Swimming Adilette Shower Slides Unisex Blue GW1048,"10%OFF, $5 OFF, 15%OFF",$45.00,$31.50,11,https://shopee.sg/adidas-Swimming-Adilette-Shower-Slides-Unisex-Blue-GW1048-i.265436651.23866489883?sp_atk=ea07f0c2-849f-4862-8f04-47c2b1ac64d8&xptdk=ea07f0c2-849f-4862-8f04-47c2b1ac64d8,https://down-sg.img.susercontent.com/file/sg-11134201-7qvfx-ljru0zf9n95103,04-08-2023
shopee,NIL,Adidas,adidas Running Run Falcon 2.0 Shoes Men White G58098,"15%OFF, 10%OFF, $5 OFF",$79.00,$63.20,10,https://shopee.sg/adidas-Running-Run-Falcon-2.0-Shoes-Men-White-G58098-i.265436651.11840427212?sp_atk=a04c01bc-000f-47ad-a73a-75838dc426f3&xptdk=a04c01bc-000f-47ad-a73a-75838dc426f3,https://down-sg.img.susercontent.com/file/sg-11134201-7qvfj-ljy3un57vjm268,04-08-2023
shopee,NIL,Adidas,adidas Running EQ19 Run Shoes Men White H68091,"15%OFF, 10%OFF, $5 OFF",$99.00,$69.30,10,https://shopee.sg/adidas-Running-EQ19-Run-Shoes-Men-White-H68091-i.265436651.20548032289?sp_atk=3f36ddc9-3f20-4d85-bddf-2e6699bc6a45&xptdk=3f36ddc9-3f20-4d85-bddf-2e6699bc6a45,https://down-sg.img.susercontent.com/file/sg-11134201-7qvds-ljy1k8rssxisc2,04-08-2023
shopee,NIL,Adidas,adidas Running Duramo 9 Shoes Men Grey EG8662,"15%OFF, 10%OFF, $5 OFF",$100.00,$70.00,9,https://shopee.sg/adidas-Running-Duramo-9-Shoes-Men-Grey-EG8662-i.265436651.9573477583?sp_atk=103e6097-86c4-464b-84eb-a6d64317e439&xptdk=103e6097-86c4-464b-84eb-a6d64317e439,https://down-sg.img.susercontent.com/file/sg-11134201-7qvej-ljy0un2xmj4maf,04-08-2023
shopee,NIL,Adidas,adidas Lifestyle Adilette 22 Slides Men White HQ4672,NA,No Price Reduction,$79.00,9,https://shopee.sg/adidas-Lifestyle-Adilette-22-Slides-Men-White-HQ4672-i.265436651.19988241018?sp_atk=e0f3b61c-fa2c-438b-95c1-ad453f97f29a&xptdk=e0f3b61c-fa2c-438b-95c1-ad453f97f29a,https://down-sg.img.susercontent.com/file/sg-11134201-7qvd2-ljp2ncmx7y5zad,04-08-2023
shopee,NIL,Adidas,adidas Running EQ21 Run Shoes Men Grey H00519,"15%OFF, 10%OFF, $5 OFF",$119.00,$83.30,7,https://shopee.sg/adidas-Running-EQ21-Run-Shoes-Men-Grey-H00519-i.265436651.18348035402?sp_atk=539bbaee-39ce-4e9f-bb7a-6e9874bafaa1&xptdk=539bbaee-39ce-4e9f-bb7a-6e9874bafaa1,https://down-sg.img.susercontent.com/file/sg-11134201-7qven-ljy43dknsc1x47,04-08-2023
shopee,NIL,Adidas,adidas Running Racer TR21 Shoes Men Black GX0902,"15%OFF, 10%OFF, $5 OFF",$119.00,$83.30,7,https://shopee.sg/adidas-Running-Racer-TR21-Shoes-Men-Black-GX0902-i.265436651.19172578735?sp_atk=abc8abec-e254-4841-b4f3-0b5f1d7bd611&xptdk=abc8abec-e254-4841-b4f3-0b5f1d7bd611,https://down-sg.img.susercontent.com/file/sg-11134201-7qvf1-ljy4xksmqbmef2,04-08-2023
shopee,NIL,Adidas,adidas Running Energyfalcon Shoes Men White FW2382,"15%OFF, 10%OFF, $5 OFF",$100.00,$70.00,7,https://shopee.sg/adidas-Running-Energyfalcon-Shoes-Men-White-FW2382-i.265436651.6345520612?sp_atk=4df405ff-9da1-432a-8443-194b3015f37f&xptdk=4df405ff-9da1-432a-8443-194b3015f37f,https://down-sg.img.susercontent.com/file/sg-11134201-7qvdo-ljy1yizebg2ab7,04-08-2023
shopee,NIL,Adidas,adidas Lifestyle Continental 80 Stripes Shoes Men White GW1706,"15%OFF, 10%OFF, $5 OFF",No Price Reduction,$169.00,7,https://shopee.sg/adidas-Lifestyle-Continental-80-Stripes-Shoes-Men-White-GW1706-i.265436651.21872576873?sp_atk=35afc55e-5d08-4bf6-bb98-078078413085&xptdk=35afc55e-5d08-4bf6-bb98-078078413085,https://down-sg.img.susercontent.com/file/sg-11134201-7qvfy-ljy4dvlqnwpi45,04-08-2023
shopee,NIL,Adidas,adidas Running Ultraboost 22 Shoes Men Grey GX5460,"15%OFF, 10%OFF, $5 OFF",$279.00,$195.30,6,https://shopee.sg/adidas-Running-Ultraboost-22-Shoes-Men-Grey-GX5460-i.265436651.15200096429?sp_atk=68853212-f4e7-4cb0-86f1-b686bb3d43ce&xptdk=68853212-f4e7-4cb0-86f1-b686bb3d43ce,https://down-sg.img.susercontent.com/file/sg-11134201-7qvel-ljy4rae4311a7a,04-08-2023
shopee,NIL,Adidas,adidas Running Runfalcon 3.0 Shoes Men Black HP7544,NA,No Price Reduction,$79.00,5,https://shopee.sg/adidas-Running-Runfalcon-3.0-Shoes-Men-Black-HP7544-i.265436651.23740798806?sp_atk=dc5cf113-db72-427b-856b-0ebe384ce375&xptdk=dc5cf113-db72-427b-856b-0ebe384ce375,https://down-sg.img.susercontent.com/file/sg-11134201-7qvde-ljy38kqogvh2e0,04-08-2023
shopee,NIL,Adidas,adidas Running Galaxar Run Shoes Men White FX6895,"15%OFF, 10%OFF, $5 OFF",$119.00,$95.20,5,https://shopee.sg/adidas-Running-Galaxar-Run-Shoes-Men-White-FX6895-i.265436651.11990081759?sp_atk=3f0d7c1e-d24c-49f0-a19f-45a5f10d0341&xptdk=3f0d7c1e-d24c-49f0-a19f-45a5f10d0341,https://down-sg.img.susercontent.com/file/sg-11134201-7qvd5-ljy3r1wz2dee52,04-08-2023
shopee,NIL,Adidas,adidas Swimming Adilette TND Slides Unisex Black GZ5933,"15%OFF, 10%OFF, $5 OFF",No Price Reduction,$50.00,5,https://shopee.sg/adidas-Swimming-Adilette-TND-Slides-Unisex-Black-GZ5933-i.265436651.20472578565?sp_atk=0e8beee0-6d80-4a59-8d37-000a76cb78db&xptdk=0e8beee0-6d80-4a59-8d37-000a76cb78db,https://down-sg.img.susercontent.com/file/sg-11134201-7qvd3-ljy0evhc77u3c6,04-08-2023
shopee,NIL,Adidas,adidas Lifestyle Stan Smith Shoes Men White HQ6816,"15%OFF, 10%OFF, $5 OFF",No Price Reduction,$159.00,5,https://shopee.sg/adidas-Lifestyle-Stan-Smith-Shoes-Men-White-HQ6816-i.265436651.19388284109?sp_atk=5b5238cd-474e-48d7-80e8-df676f2344df&xptdk=5b5238cd-474e-48d7-80e8-df676f2344df,https://down-sg.img.susercontent.com/file/sg-11134201-7qvf4-ljy2xzuntclad9,04-08-2023
shopee,NIL,Adidas,adidas Lifestyle Adilette Lite Slides Unisex White FU8297,NA,No Price Reduction,$48.00,5,https://shopee.sg/adidas-Lifestyle-Adilette-Lite-Slides-Unisex-White-FU8297-i.265436651.3443605371?sp_atk=52d42d27-d48f-4227-9346-85961a8ceccc&xptdk=52d42d27-d48f-4227-9346-85961a8ceccc,https://down-sg.img.susercontent.com/file/sg-11134201-7qvcq-ljy29aiv76473d,04-08-2023
shopee,NIL,Adidas,adidas Running EQ19 Run Shoes Men Grey H02037,"15%OFF, 10%OFF, $5 OFF",$99.00,$79.20,5,https://shopee.sg/adidas-Running-EQ19-Run-Shoes-Men-Grey-H02037-i.265436651.19648034647?sp_atk=c41a4bd6-0913-4e92-a1b5-287f84f1192b&xptdk=c41a4bd6-0913-4e92-a1b5-287f84f1192b,https://down-sg.img.susercontent.com/file/sg-11134201-7qve2-ljy02ncgbohg8a,04-08-2023
shopee,NIL,Adidas,adidas Running Duramo 10 Shoes Men Blue GW8349,"15%OFF, 10%OFF, $5 OFF",$79.00,$63.20,5,https://shopee.sg/adidas-Running-Duramo-10-Shoes-Men-Blue-GW8349-i.265436651.22522232931?sp_atk=637d2157-5ce0-4222-afc2-4cbb1492181b&xptdk=637d2157-5ce0-4222-afc2-4cbb1492181b,https://down-sg.img.susercontent.com/file/sg-11134201-7qvdt-ljy19y0neadhcb,04-08-2023
shopee,NIL,Adidas,adidas Basketball Forum Low Shoes Men White FY7757,NA,No Price Reduction,$140.00,4,https://shopee.sg/adidas-Basketball-Forum-Low-Shoes-Men-White-FY7757-i.265436651.7395987437?sp_atk=a43b450a-9585-43b4-b779-cd9fc4821603&xptdk=a43b450a-9585-43b4-b779-cd9fc4821603,https://down-sg.img.susercontent.com/file/sg-11134201-7qvdq-ljy12zco6dxa65,04-08-2023
shopee,NIL,Adidas,adidas Running Lite Racer 3.0 Shoes Men Black GW7954,"15%OFF, 10%OFF, $5 OFF",No Price Reduction,$89.00,4,https://shopee.sg/adidas-Running-Lite-Racer-3.0-Shoes-Men-Black-GW7954-i.265436651.12414040218?sp_atk=b74cb9b3-5de9-4c83-9f2e-cd535276326f&xptdk=b74cb9b3-5de9-4c83-9f2e-cd535276326f,https://down-sg.img.susercontent.com/file/sg-11134201-7qvdv-ljy0m0rdpca357,04-08-2023
shopee,NIL,Adidas,adidas Swimming Adilette Comfort Slides Unisex Black GZ5896,NA,No Price Reduction,$55.00,4,https://shopee.sg/adidas-Swimming-Adilette-Comfort-Slides-Unisex-Black-GZ5896-i.265436651.19188215359?sp_atk=939286c6-ea37-422e-a4ce-e64c2d1a201c&xptdk=939286c6-ea37-422e-a4ce-e64c2d1a201c,https://down-sg.img.susercontent.com/file/sg-11134201-7qvg5-ljy0uy3pgh7642,04-08-2023
shopee,NIL,Adidas,adidas Lifestyle Adifom Adilette Slides Men White HQ8748,"15%OFF, 10%OFF, $5 OFF",$79.00,$63.20,4,https://shopee.sg/adidas-Lifestyle-Adifom-Adilette-Slides-Men-White-HQ8748-i.265436651.15598738640?sp_atk=5f54deef-e1e7-4b33-9764-3ff608734071&xptdk=5f54deef-e1e7-4b33-9764-3ff608734071,https://down-sg.img.susercontent.com/file/sg-11134201-7qve0-ljy0is6gb1au36,04-08-2023
shopee,NIL,Adidas,adidas Swimming Adilette Shower Slides Unisex Black GZ5922,NA,No Price Reduction,$40.00,4,https://shopee.sg/adidas-Swimming-Adilette-Shower-Slides-Unisex-Black-GZ5922-i.265436651.15440785195?sp_atk=ebd52733-bce1-4592-835b-22921a01e6cb&xptdk=ebd52733-bce1-4592-835b-22921a01e6cb,https://down-sg.img.susercontent.com/file/sg-11134201-7qvd8-ljy07uyhqjuycc,04-08-2023
shopee,NIL,Adidas,adidas Swimming Adilette Aqua Slides Unisex Black F35550,NA,No Price Reduction,$40.00,4,https://shopee.sg/adidas-Swimming-Adilette-Aqua-Slides-Unisex-Black-F35550-i.265436651.9584094865?sp_atk=3a30feb1-e66d-4d5b-a2ab-56e22bb7912c&xptdk=3a30feb1-e66d-4d5b-a2ab-56e22bb7912c,https://down-sg.img.susercontent.com/file/sg-11134201-7qvdd-ljy12l1f76wn2e,04-08-2023
shopee,NIL,Adidas,adidas Lifestyle Stan Smith Shoes Unisex White FX5502,NA,No Price Reduction,$159.00,4,https://shopee.sg/adidas-Lifestyle-Stan-Smith-Shoes-Unisex-White-FX5502-i.265436651.8403033542?sp_atk=a4e47266-4545-448c-b14b-f35392dbe89d&xptdk=a4e47266-4545-448c-b14b-f35392dbe89d,https://down-sg.img.susercontent.com/file/sg-11134201-7qvfl-ljy0rimg5lha3b,04-08-2023
shopee,NIL,Adidas,adidas Swimming Adilette Comfort Sandals Unisex Black H02488,"15%OFF, $5 OFF, 10%OFF",$55.00,$44.00,4,https://shopee.sg/adidas-Swimming-Adilette-Comfort-Sandals-Unisex-Black-H02488-i.265436651.5693412566?sp_atk=c5af6f60-bb17-4540-887c-5e295463620c&xptdk=c5af6f60-bb17-4540-887c-5e295463620c,https://down-sg.img.susercontent.com/file/sg-11134201-7qvel-ljxznlbrgqv9fe,04-08-2023
shopee,NIL,Adidas,adidas Tennis Advantage Shoes Men White GW9166,"15%OFF, 10%OFF, $5 OFF",$99.00,$69.30,3,https://shopee.sg/adidas-Tennis-Advantage-Shoes-Men-White-GW9166-i.265436651.23922231592?sp_atk=602ffb25-59e3-4cb9-b1db-96aa241f4163&xptdk=602ffb25-59e3-4cb9-b1db-96aa241f4163,https://down-sg.img.susercontent.com/file/sg-11134201-7qvfv-ljxzhmenz1kn22,04-08-2023
shopee,NIL,Adidas,adidas Lifestyle adidas CT86 Shoes Men White GW5721,"15%OFF, 10%OFF, $5 OFF",$159.00,$127.20,3,https://shopee.sg/adidas-Lifestyle-adidas-CT86-Shoes-Men-White-GW5721-i.265436651.23622230724?sp_atk=e294c299-d2ec-4bd5-80db-604904b938af&xptdk=e294c299-d2ec-4bd5-80db-604904b938af,https://down-sg.img.susercontent.com/file/sg-11134201-7qvcu-ljy1bt9j3u9x4a,04-08-2023
shopee,NIL,Adidas,adidas Lifestyle Adifom Adilette Slides Men Grey HQ8753,"15%OFF, 10%OFF, $5 OFF",$79.00,$63.20,3,https://shopee.sg/adidas-Lifestyle-Adifom-Adilette-Slides-Men-Grey-HQ8753-i.265436651.22466849224?sp_atk=79ebd873-4dc3-4a96-9f53-67cd4cd883c1&xptdk=79ebd873-4dc3-4a96-9f53-67cd4cd883c1,https://down-sg.img.susercontent.com/file/sg-11134201-7qvfv-ljy4a9qgms5u98,04-08-2023
shopee,NIL,Adidas,adidas Running Duramo 10 Shoes Men Grey HP2374,"15%OFF, 10%OFF, $5 OFF",$99.00,$79.20,3,https://shopee.sg/adidas-Running-Duramo-10-Shoes-Men-Grey-HP2374-i.265436651.22466181122?sp_atk=91091d31-2db0-4bf6-a44a-93197cf7e424&xptdk=91091d31-2db0-4bf6-a44a-93197cf7e424,https://down-sg.img.susercontent.com/file/sg-11134201-7qvdf-ljy2reb7gr781e,04-08-2023
shopee,NIL,Adidas,adidas Swimming Adilette Shower Slides Unisex Black GZ3779,NA,No Price Reduction,$40.00,3,https://shopee.sg/adidas-Swimming-Adilette-Shower-Slides-Unisex-Black-GZ3779-i.265436651.21172577090?sp_atk=301f9148-336b-40a2-8892-31ad283ee17f&xptdk=301f9148-336b-40a2-8892-31ad283ee17f,https://down-sg.img.susercontent.com/file/sg-11134201-7qvg7-ljy41hk1czka35,04-08-2023
shopee,NIL,Adidas,adidas Lifestyle Superstar Shoes Men White GZ9380,"15%OFF, 10%OFF, $5 OFF",$159.00,$111.30,3,https://shopee.sg/adidas-Lifestyle-Superstar-Shoes-Men-White-GZ9380-i.265436651.20272578580?sp_atk=3c3a7bf5-4cb6-4cf4-88b1-5fb7b42b2469&xptdk=3c3a7bf5-4cb6-4cf4-88b1-5fb7b42b2469,https://down-sg.img.susercontent.com/file/sg-11134201-7qvef-ljy0yc4szy1142,04-08-2023
shopee,NIL,Adidas,adidas Lifestyle Court Tourino Shoes Men Grey GW1416,"15%OFF, 10%OFF, $5 OFF",$139.00,$97.30,3,https://shopee.sg/adidas-Lifestyle-Court-Tourino-Shoes-Men-Grey-GW1416-i.265436651.18372580300?sp_atk=0a7607ac-d2c3-4eed-9c7b-0f48ee2178d2&xptdk=0a7607ac-d2c3-4eed-9c7b-0f48ee2178d2,https://down-sg.img.susercontent.com/file/sg-11134201-7qvf8-ljy3z01u9h2sdb,04-08-2023
shopee,NIL,Adidas,adidas Running EQ21 Run Shoes Men Black H00512,NA,No Price Reduction,$119.00,3,https://shopee.sg/adidas-Running-EQ21-Run-Shoes-Men-Black-H00512-i.265436651.15440784661?sp_atk=faca9d66-ccf8-4a02-9039-c6c7a1ac8f3a&xptdk=faca9d66-ccf8-4a02-9039-c6c7a1ac8f3a,https://down-sg.img.susercontent.com/file/sg-11134201-7qvfc-ljy41ife1ptxd8,04-08-2023
shopee,NIL,Adidas,adidas Running Galaxy 6 Shoes Men Orange HP2417,"15%OFF, 10%OFF, $5 OFF",$79.00,$63.20,3,https://shopee.sg/adidas-Running-Galaxy-6-Shoes-Men-Orange-HP2417-i.265436651.15296324736?sp_atk=5d841c51-94e2-41db-8e7e-047ebc02b3d8&xptdk=5d841c51-94e2-41db-8e7e-047ebc02b3d8,https://down-sg.img.susercontent.com/file/sg-11134201-7qvfo-ljy5hqbh3cp6e2,04-08-2023
shopee,NIL,Adidas,adidas Running Duramo SL Shoes Men Black GV7124,NA,No Price Reduction,$99.00,3,https://shopee.sg/adidas-Running-Duramo-SL-Shoes-Men-Black-GV7124-i.265436651.8884305661?sp_atk=6e6e6324-5368-4a36-bcd7-3b6bcd974684&xptdk=6e6e6324-5368-4a36-bcd7-3b6bcd974684,https://down-sg.img.susercontent.com/file/sg-11134201-7qvdy-ljy0779af4c7c7,04-08-2023
shopee,NIL,Adidas,adidas Lifestyle Adilette Lite Slides Men Orange GX8892,"10%OFF, $5 OFF, 15%OFF",$48.00,$33.60,3,https://shopee.sg/adidas-Lifestyle-Adilette-Lite-Slides-Men-Orange-GX8892-i.265436651.18648032630?sp_atk=816fee97-2451-46f9-bd8d-570c523b03a5&xptdk=816fee97-2451-46f9-bd8d-570c523b03a5,https://down-sg.img.susercontent.com/file/sg-11134201-7qvcw-ljy07qdygqhe74,04-08-2023
shopee,NIL,Adidas,adidas Swimming Adissage Slides Unisex Blue F35579,NA,No Price Reduction,$40.00,3,https://shopee.sg/adidas-Swimming-Adissage-Slides-Unisex-Blue-F35579-i.265436651.5143832781?sp_atk=d622eb7b-7356-4873-b87d-76f8daf6cd12&xptdk=d622eb7b-7356-4873-b87d-76f8daf6cd12,https://down-sg.img.susercontent.com/file/sg-11134201-7qvek-ljy1413oz0ud9a,04-08-2023
shopee,NIL,Adidas,adidas Lifestyle Adilette Lite Slides Men Yellow GX8893,"10%OFF, $5 OFF, 15%OFF",$48.00,$33.60,3,https://shopee.sg/adidas-Lifestyle-Adilette-Lite-Slides-Men-Yellow-GX8893-i.265436651.10498038877?sp_atk=e2444a3b-88cc-43d8-b394-683466eb6c12&xptdk=e2444a3b-88cc-43d8-b394-683466eb6c12,https://down-sg.img.susercontent.com/file/sg-11134201-7qved-ljy0u7hwfimq55,04-08-2023
shopee,NIL,Adidas,adidas Running Questar Flow Shoes Men Black EG3192,"15%OFF, 10%OFF, $5 OFF",$120.00,$84.00,3,https://shopee.sg/adidas-Running-Questar-Flow-Shoes-Men-Black-EG3192-i.265436651.16738135128?sp_atk=ee431fa2-5530-4027-bf07-26875c84c68e&xptdk=ee431fa2-5530-4027-bf07-26875c84c68e,https://down-sg.img.susercontent.com/file/sg-11134201-7qvg5-ljy00wvvosyf3d,04-08-2023
shopee,NIL,Adidas,adidas Swimming Adilette Aqua Slides Unisex Grey F35538,NA,No Price Reduction,$40.00,3,https://shopee.sg/adidas-Swimming-Adilette-Aqua-Slides-Unisex-Grey-F35538-i.265436651.22266849532?sp_atk=b34f10ae-9825-4cb9-8c8a-862c89e1e68d&xptdk=b34f10ae-9825-4cb9-8c8a-862c89e1e68d,https://down-sg.img.susercontent.com/file/sg-11134201-7qvcz-ljy34xsk3f4mb0,04-08-2023
shopee,NIL,Adidas,adidas Lifestyle Grand Court Cloudfoam Comfort Shoes Men Black GW9196,NA,No Price Reduction,$109.00,2,https://shopee.sg/adidas-Lifestyle-Grand-Court-Cloudfoam-Comfort-Shoes-Men-Black-GW9196-i.265436651.23366169191?sp_atk=6c3cc9ad-36de-4472-996e-bba9718ece04&xptdk=6c3cc9ad-36de-4472-996e-bba9718ece04,https://down-sg.img.susercontent.com/file/sg-11134201-7qvg0-ljqcaa5qwryv78,04-08-2023
shopee,NIL,Adidas,adidas Lifestyle Stan Smith Shoes Unisex White FX5500,NA,No Price Reduction,$150.00,2,https://shopee.sg/adidas-Lifestyle-Stan-Smith-Shoes-Unisex-White-FX5500-i.265436651.3664922079?sp_atk=5c5c7dc6-4804-439b-82d6-34230fdc7e30&xptdk=5c5c7dc6-4804-439b-82d6-34230fdc7e30,https://down-sg.img.susercontent.com/file/sg-11134201-7qvg8-ljy1u9a7cuf2ad,04-08-2023
shopee,NIL,Adidas,adidas Running Galaxar Run Shoes Men Black FW1187,"15%OFF, 10%OFF, $5 OFF",$119.00,$95.20,2,https://shopee.sg/adidas-Running-Galaxar-Run-Shoes-Men-Black-FW1187-i.265436651.8993518207?sp_atk=d1ce7d45-661f-46d0-99ed-aa028277178c&xptdk=d1ce7d45-661f-46d0-99ed-aa028277178c,https://down-sg.img.susercontent.com/file/sg-11134201-7qvej-ljy0koszvohg62,04-08-2023
shopee,NIL,Adidas,adidas Running Galaxy 6 Shoes Men White HP2419,"15%OFF, 10%OFF, $5 OFF",$79.00,$63.20,2,https://shopee.sg/adidas-Running-Galaxy-6-Shoes-Men-White-HP2419-i.265436651.21372578314?sp_atk=223aea47-80d3-4c94-8001-ca94b3830316&xptdk=223aea47-80d3-4c94-8001-ca94b3830316,https://down-sg.img.susercontent.com/file/sg-11134201-7qvev-ljy4l0417t3m81,04-08-2023
shopee,NIL,Adidas,adidas Running Questar Shoes Men Black GY2259,"15%OFF, 10%OFF, $5 OFF",$119.00,$83.30,2,https://shopee.sg/adidas-Running-Questar-Shoes-Men-Black-GY2259-i.265436651.23622230977?sp_atk=af0a6dfc-ce30-4c7c-95d4-ef82bcc26a9b&xptdk=af0a6dfc-ce30-4c7c-95d4-ef82bcc26a9b,https://down-sg.img.susercontent.com/file/sg-11134201-7qvfp-ljy5g64r8jki21,04-08-2023
shopee,NIL,Adidas,adidas Lifestyle Nizza Shoes Men Blue HQ8527,NA,No Price Reduction,$99.00,2,https://shopee.sg/adidas-Lifestyle-Nizza-Shoes-Men-Blue-HQ8527-i.265436651.23222232116?sp_atk=3289b960-c87e-4193-a009-90d31b875f33&xptdk=3289b960-c87e-4193-a009-90d31b875f33,https://down-sg.img.susercontent.com/file/sg-11134201-7qve1-ljy3rods3yth66,04-08-2023
shopee,NIL,Adidas,adidas Skateboarding Bravada 2.0 Lifestyle Skateboarding Canvas Shoes Men Black FZ6166,NA,No Price Reduction,$89.00,2,https://shopee.sg/adidas-Skateboarding-Bravada-2.0-Lifestyle-Skateboarding-Canvas-Shoes-Men-Black-FZ6166-i.265436651.23122233108?sp_atk=582c0f1d-a43a-44fb-b16c-f1ddd844c813&xptdk=582c0f1d-a43a-44fb-b16c-f1ddd844c813,https://down-sg.img.susercontent.com/file/sg-11134201-7qvfk-ljt6aq9ed2nod5,04-08-2023
shopee,NIL,Adidas,adidas Lifestyle Treziod 2 Shoes Men Black GY0047,"15%OFF, 10%OFF, $5 OFF",$159.00,$111.30,2,https://shopee.sg/adidas-Lifestyle-Treziod-2-Shoes-Men-Black-GY0047-i.265436651.22941214587?sp_atk=61a1cf7e-50a2-48d6-8882-076b5f67728f&xptdk=61a1cf7e-50a2-48d6-8882-076b5f67728f,https://down-sg.img.susercontent.com/file/sg-11134201-7qveh-ljy0bqur0m4l04,04-08-2023
shopee,NIL,Adidas,adidas Running Supernova 2.0 Shoes Men Black HQ9940,"15%OFF, 10%OFF, $5 OFF",$159.00,$111.30,2,https://shopee.sg/adidas-Running-Supernova-2.0-Shoes-Men-Black-HQ9940-i.265436651.20072578549?sp_atk=ce45f81b-9945-42b3-a486-e7deccee8ddc&xptdk=ce45f81b-9945-42b3-a486-e7deccee8ddc,https://down-sg.img.susercontent.com/file/sg-11134201-7qvee-ljy5323q17npf3,04-08-2023
shopee,NIL,Adidas,adidas Swimming Adilette Comfort Adjustable Bandage Slides Unisex Black GZ8951,NA,No Price Reduction,$69.00,2,https://shopee.sg/adidas-Swimming-Adilette-Comfort-Adjustable-Bandage-Slides-Unisex-Black-GZ8951-i.265436651.19488210318?sp_atk=149f95d2-8467-4d7a-b78a-a31c5f7ffed5&xptdk=149f95d2-8467-4d7a-b78a-a31c5f7ffed5,https://down-sg.img.susercontent.com/file/sg-11134201-7qvfa-ljy4blhwp6xi37,04-08-2023
shopee,NIL,Adidas,adidas Running Racer TR21 Shoes Men Blue H05765,"15%OFF, 10%OFF, $5 OFF",$119.00,$83.30,2,https://shopee.sg/adidas-Running-Racer-TR21-Shoes-Men-Blue-H05765-i.265436651.18348034424?sp_atk=a5f1150c-d1a0-4bc9-b5d1-aebd099f9042&xptdk=a5f1150c-d1a0-4bc9-b5d1-aebd099f9042,https://down-sg.img.susercontent.com/file/sg-11134201-7qvdq-ljxznlghb91z29,04-08-2023
shopee,NIL,Adidas,adidas Swimming Adilette Shower Slides Unisex Red GZ5923,"15%OFF, $5 OFF, 10%OFF",No Price Reduction,$45.00,2,https://shopee.sg/adidas-Swimming-Adilette-Shower-Slides-Unisex-Red-GZ5923-i.265436651.15155649278?sp_atk=265626a2-b14b-4040-8ddb-e1f79c1aec49&xptdk=265626a2-b14b-4040-8ddb-e1f79c1aec49,https://down-sg.img.susercontent.com/file/sg-11134201-7qvex-ljy2d3zq3xp2ea,04-08-2023
shopee,NIL,Adidas,adidas Running Lite Racer 2.0 Shoes Men Blue FZ0394,NA,No Price Reduction,$90.00,2,https://shopee.sg/adidas-Running-Lite-Racer-2.0-Shoes-Men-Blue-FZ0394-i.265436651.7496047891?sp_atk=836dced8-ced4-4c22-866d-aab7da97d750&xptdk=836dced8-ced4-4c22-866d-aab7da97d750,https://down-sg.img.susercontent.com/file/sg-11134201-7qvcz-ljxznjprz7w79d,04-08-2023
shopee,NIL,Adidas,adidas Running Duramo SL Shoes Men Blue FW8678,"15%OFF, 10%OFF, $5 OFF",No Price Reduction,$99.00,2,https://shopee.sg/adidas-Running-Duramo-SL-Shoes-Men-Blue-FW8678-i.265436651.5445590217?sp_atk=261ba598-35bb-426f-b276-82ae9fed97b9&xptdk=261ba598-35bb-426f-b276-82ae9fed97b9,https://down-sg.img.susercontent.com/file/sg-11134201-7qvdw-ljy5gbz2os91ae,04-08-2023
shopee,NIL,Adidas,adidas Lifestyle Adilette Lite Slides Men Purple GX8895,"10%OFF, $5 OFF, 15%OFF",$48.00,$33.60,2,https://shopee.sg/adidas-Lifestyle-Adilette-Lite-Slides-Men-Purple-GX8895-i.265436651.19148031151?sp_atk=70cbf833-ed99-4014-876d-6cdfbe9c057e&xptdk=70cbf833-ed99-4014-876d-6cdfbe9c057e,https://down-sg.img.susercontent.com/file/sg-11134201-7qvf7-ljy02yltvvpya0,04-08-2023
shopee,NIL,Adidas,adidas Swimming Adilette Shower Slides Unisex White HQ6885,"15%OFF, $5 OFF, 10%OFF",No Price Reduction,$45.00,2,https://shopee.sg/adidas-Swimming-Adilette-Shower-Slides-Unisex-White-HQ6885-i.265436651.22840906037?sp_atk=22998072-7907-4a98-91ce-0a21216c415c&xptdk=22998072-7907-4a98-91ce-0a21216c415c,https://down-sg.img.susercontent.com/file/sg-11134201-7qvd3-ljy142bj6vfb71,04-08-2023
shopee,NIL,Adidas,adidas Running adidas 4DFWD Pulse 2 running shoes Men Black GX9282,"15%OFF, 10%OFF, $5 OFF",No Price Reduction,$220.00,2,https://shopee.sg/adidas-Running-adidas-4DFWD-Pulse-2-running-shoes-Men-Black-GX9282-i.265436651.23466169108?sp_atk=69d2d883-f615-4290-9448-f0e37687a148&xptdk=69d2d883-f615-4290-9448-f0e37687a148,https://down-sg.img.susercontent.com/file/sg-11134201-7qvfc-ljxzl05hupuz75,04-08-2023
shopee,NIL,Adidas,adidas Lifestyle Adifom SLTN Shoes Men Grey HP6478,"15%OFF, 10%OFF, $5 OFF",$149.00,$104.30,2,https://shopee.sg/adidas-Lifestyle-Adifom-SLTN-Shoes-Men-Grey-HP6478-i.265436651.21088198902?sp_atk=d9060f37-43f0-4643-adec-eb36e9114e86&xptdk=d9060f37-43f0-4643-adec-eb36e9114e86,https://down-sg.img.susercontent.com/file/sg-11134201-7qvdo-ljy0nguhhc0ib3,04-08-2023
shopee,NIL,Adidas,adidas Running Pureboost 22 Shoes Men Black GZ5174,"15%OFF, 10%OFF, $5 OFF",$209.00,$146.30,2,https://shopee.sg/adidas-Running-Pureboost-22-Shoes-Men-Black-GZ5174-i.265436651.18972579809?sp_atk=d11b71d0-ffc5-4f3c-8255-63989bfb6501&xptdk=d11b71d0-ffc5-4f3c-8255-63989bfb6501,https://down-sg.img.susercontent.com/file/sg-11134201-7qvel-ljy0eyj7rtaqa4,04-08-2023
shopee,NIL,Adidas,adidas Lifestyle NMD_R1 Shoes Men White HQ4463,"15%OFF, 10%OFF, $5 OFF",$209.00,$167.20,2,https://shopee.sg/adidas-Lifestyle-NMD_R1-Shoes-Men-White-HQ4463-i.265436651.15798738654?sp_atk=cd0d648f-4b82-4acf-b346-c4b8564a3b29&xptdk=cd0d648f-4b82-4acf-b346-c4b8564a3b29,https://down-sg.img.susercontent.com/file/sg-11134201-7qvfy-ljy5g9b2moif24,04-08-2023
shopee,NIL,Adidas,adidas Basketball Forum Low Shoes Men White FY7755,NA,No Price Reduction,$159.00,2,https://shopee.sg/adidas-Basketball-Forum-Low-Shoes-Men-White-FY7755-i.265436651.9734219211?sp_atk=b32fd3b8-7b85-47e8-8558-13a2e0a46850&xptdk=b32fd3b8-7b85-47e8-8558-13a2e0a46850,https://down-sg.img.susercontent.com/file/sg-11134201-7qvey-ljxzlbk54d1m4d,04-08-2023
shopee,NIL,Adidas,adidas Lifestyle Shmoofoil Slides Men Black FY6849,NA,No Price Reduction,$59.00,2,https://shopee.sg/adidas-Lifestyle-Shmoofoil-Slides-Men-Black-FY6849-i.265436651.9084095472?sp_atk=addf039f-6bc7-438c-a9fb-67192626f897&xptdk=addf039f-6bc7-438c-a9fb-67192626f897,https://down-sg.img.susercontent.com/file/sg-11134201-7qvd7-ljy13jiio6gk46,04-08-2023
shopee,NIL,Adidas,adidas Lifestyle adidas CT86 Shoes Men White GW5722,"15%OFF, 10%OFF, $5 OFF",$159.00,$127.20,1,https://shopee.sg/adidas-Lifestyle-adidas-CT86-Shoes-Men-White-GW5722-i.265436651.23622230513?sp_atk=d0133c77-4171-45a3-8f43-58655c199c25&xptdk=d0133c77-4171-45a3-8f43-58655c199c25,https://down-sg.img.susercontent.com/file/sg-11134201-7qvdl-ljy4wx7b972def,04-08-2023
shopee,NIL,Adidas,adidas Swimming Adilette TND Slides Unisex Black HQ1948,"10%OFF, $5 OFF, 15%OFF",$50.00,$35.00,1,https://shopee.sg/adidas-Swimming-Adilette-TND-Slides-Unisex-Black-HQ1948-i.265436651.23322230459?sp_atk=f5e4ae19-9f2b-4f7e-86e0-35a0ed71d660&xptdk=f5e4ae19-9f2b-4f7e-86e0-35a0ed71d660,https://down-sg.img.susercontent.com/file/sg-11134201-7qvec-ljy58193twcqc7,04-08-2023
shopee,NIL,Adidas,adidas Swimming Adilette Sandals Unisex Black HP3007,"15%OFF, $5 OFF, 10%OFF",$59.00,$47.20,1,https://shopee.sg/adidas-Swimming-Adilette-Sandals-Unisex-Black-HP3007-i.265436651.23022370095?sp_atk=30fa1c11-f737-405c-ba47-e7c37e528e54&xptdk=30fa1c11-f737-405c-ba47-e7c37e528e54,https://down-sg.img.susercontent.com/file/sg-11134201-7qvfu-ljy3olzxn6yyed,04-08-2023
shopee,NIL,Adidas,adidas Swimming Adilette Comfort Slides Unisex Red GY1947,"15%OFF, $5 OFF, 10%OFF",$59.00,$41.30,1,https://shopee.sg/adidas-Swimming-Adilette-Comfort-Slides-Unisex-Red-GY1947-i.265436651.22522233724?sp_atk=023b1389-0b58-476e-b4db-12ddfb007714&xptdk=023b1389-0b58-476e-b4db-12ddfb007714,https://down-sg.img.susercontent.com/file/sg-11134201-7qvej-ljy1br581vr9b6,04-08-2023
shopee,NIL,Adidas,adidas Running Questar Shoes Men Black GZ0631,"15%OFF, 10%OFF, $5 OFF",$119.00,$83.30,1,https://shopee.sg/adidas-Running-Questar-Shoes-Men-Black-GZ0631-i.265436651.22440682697?sp_atk=be433e88-a19b-4550-84d7-162162a5ef9e&xptdk=be433e88-a19b-4550-84d7-162162a5ef9e,https://down-sg.img.susercontent.com/file/sg-11134201-7qved-ljy5eghbhtx0cb,04-08-2023
shopee,NIL,Adidas,adidas Running Ultrabounce Shoes Men Black HQ1476,NA,No Price Reduction,$119.00,1,https://shopee.sg/adidas-Running-Ultrabounce-Shoes-Men-Black-HQ1476-i.265436651.22440678235?sp_atk=56c8d6c1-2821-4694-bf0e-bdff3595586c&xptdk=56c8d6c1-2821-4694-bf0e-bdff3595586c,https://down-sg.img.susercontent.com/file/sg-11134201-7qvdc-ljy3767wbmnf15,04-08-2023
shopee,NIL,Adidas,adidas Tennis Advantage Shoes Men White H06409,NA,No Price Reduction,$99.00,1,https://shopee.sg/adidas-Tennis-Advantage-Shoes-Men-White-H06409-i.265436651.22422233713?sp_atk=af4a277f-5788-47a0-ab29-9947e5fd6814&xptdk=af4a277f-5788-47a0-ab29-9947e5fd6814,https://down-sg.img.susercontent.com/file/sg-11134201-7qvdz-ljy3ebu5bvyv79,04-08-2023
shopee,NIL,Adidas,adidas Swimming Racer TR Slides Unisex Blue G58171,"15%OFF, 10%OFF, $5 OFF",No Price Reduction,$50.00,1,https://shopee.sg/adidas-Swimming-Racer-TR-Slides-Unisex-Blue-G58171-i.265436651.22422232486?sp_atk=a7f72eef-125b-4d55-99fc-b923ef540b9f&xptdk=a7f72eef-125b-4d55-99fc-b923ef540b9f,https://down-sg.img.susercontent.com/file/sg-11134201-7qvf1-ljp2mmzir8ac5d,04-08-2023
shopee,NIL,Adidas,adidas Running Pureboost 22 Shoes Men White GY4705,"15%OFF, 10%OFF, $5 OFF",$209.00,$146.30,1,https://shopee.sg/adidas-Running-Pureboost-22-Shoes-Men-White-GY4705-i.265436651.22022232911?sp_atk=9983b6cf-e34d-4291-b86d-173ec660d10c&xptdk=9983b6cf-e34d-4291-b86d-173ec660d10c,https://down-sg.img.susercontent.com/file/sg-11134201-7qvdx-ljy1w34axod317,04-08-2023
shopee,NIL,Adidas,adidas Lifestyle Treziod 2 Shoes Men Blue GY0044,"15%OFF, 10%OFF, $5 OFF",$159.00,$111.30,1,https://shopee.sg/adidas-Lifestyle-Treziod-2-Shoes-Men-Blue-GY0044-i.265436651.20672578056?sp_atk=a2ea619e-b633-4000-90b7-8f92745ceb32&xptdk=a2ea619e-b633-4000-90b7-8f92745ceb32,https://down-sg.img.susercontent.com/file/sg-11134201-7qvfz-ljy3ysmd4wpj7e,04-08-2023
shopee,NIL,Adidas,adidas Lifestyle Nizza Shoes Men Grey HQ8526,NA,No Price Reduction,$99.00,1,https://shopee.sg/adidas-Lifestyle-Nizza-Shoes-Men-Grey-HQ8526-i.265436651.20479254704?sp_atk=ae4fe309-3326-4e5d-8fec-04da4959e82f&xptdk=ae4fe309-3326-4e5d-8fec-04da4959e82f,https://down-sg.img.susercontent.com/file/sg-11134201-7qvf6-ljy5fpedq29xfe,04-08-2023
shopee,NIL,Adidas,adidas Lifestyle Multix Shoes Men Blue FX5117,"15%OFF, 10%OFF, $5 OFF",$120.00,$84.00,1,https://shopee.sg/adidas-Lifestyle-Multix-Shoes-Men-Blue-FX5117-i.265436651.20349640561?sp_atk=9f04f0a6-0ade-4a54-a001-08b950e92653&xptdk=9f04f0a6-0ade-4a54-a001-08b950e92653,https://down-sg.img.susercontent.com/file/sg-11134201-7qvfh-ljy18912luhj8c,04-08-2023
shopee,NIL,Adidas,adidas Running Runfalcon 3 TR Shoes Men Black HP7568,NA,No Price Reduction,$89.00,1,https://shopee.sg/adidas-Running-Runfalcon-3-TR-Shoes-Men-Black-HP7568-i.265436651.20188358088?sp_atk=b7784d28-0fac-4f51-a45f-99ea1aa46e93&xptdk=b7784d28-0fac-4f51-a45f-99ea1aa46e93,https://down-sg.img.susercontent.com/file/sg-11134201-7qvdu-lgc3e5hlfkuuf6,04-08-2023
shopee,NIL,Adidas,adidas Lifestyle Stan Smith Shoes Men White FZ6425,"15%OFF, 10%OFF, $5 OFF",$159.00,$111.30,1,https://shopee.sg/adidas-Lifestyle-Stan-Smith-Shoes-Men-White-FZ6425-i.265436651.19679270190?sp_atk=8a41a885-1d47-4c78-8e04-419183b5aea1&xptdk=8a41a885-1d47-4c78-8e04-419183b5aea1,https://down-sg.img.susercontent.com/file/sg-11134201-7qved-ljy4nb4bs86j96,04-08-2023
shopee,NIL,Adidas,adidas Lifestyle Treziod 2.0 Shoes Men White GY0052,NA,No Price Reduction,$159.00,1,https://shopee.sg/adidas-Lifestyle-Treziod-2.0-Shoes-Men-White-GY0052-i.265436651.19173137518?sp_atk=01ce4e38-dccd-4c68-82fc-fa5c3908f978&xptdk=01ce4e38-dccd-4c68-82fc-fa5c3908f978,https://down-sg.img.susercontent.com/file/sg-11134201-7qvg6-ljy0f8v0mbw7a6,04-08-2023
shopee,NIL,Adidas,adidas Running Pureboost 22 Shoes Men Black HQ1455,"15%OFF, 10%OFF, $5 OFF",$209.00,$167.20,1,https://shopee.sg/adidas-Running-Pureboost-22-Shoes-Men-Black-HQ1455-i.265436651.18272579327?sp_atk=0dc1dd65-3c36-4197-9dac-2459af024365&xptdk=0dc1dd65-3c36-4197-9dac-2459af024365,https://down-sg.img.susercontent.com/file/sg-11134201-7qvdv-ljxzuga02yh1b6,04-08-2023
shopee,NIL,Adidas,adidas Basketball Forum Mid Shoes Unisex White FY4976,NA,No Price Reduction,$150.00,1,https://shopee.sg/adidas-Basketball-Forum-Mid-Shoes-Unisex-White-FY4976-i.265436651.11322075809?sp_atk=2edc61e8-5c46-450e-809b-3bd8ffd96ccf&xptdk=2edc61e8-5c46-450e-809b-3bd8ffd96ccf,https://down-sg.img.susercontent.com/file/sg-11134201-7qvdx-ljy2vv0w7azv94,04-08-2023
shopee,NIL,Adidas,adidas Swimming Adilette Aqua Slides Unisex Black F35543,NA,No Price Reduction,$38.00,1,https://shopee.sg/adidas-Swimming-Adilette-Aqua-Slides-Unisex-Black-F35543-i.265436651.10922071234?sp_atk=8defb5d9-f0e1-44cc-8637-7660518fb21c&xptdk=8defb5d9-f0e1-44cc-8637-7660518fb21c,https://down-sg.img.susercontent.com/file/sg-11134201-7qvep-ljy3168sdjuf30,04-08-2023
shopee,NIL,Adidas,adidas Lifestyle Stan Smith Shoes Men White FX5509,NA,No Price Reduction,$150.00,1,https://shopee.sg/adidas-Lifestyle-Stan-Smith-Shoes-Men-White-FX5509-i.265436651.5496002677?sp_atk=4ab03b3a-861d-4c93-8006-cd28474fb54d&xptdk=4ab03b3a-861d-4c93-8006-cd28474fb54d,https://down-sg.img.susercontent.com/file/sg-11134201-7qvff-ljy3yxjo1nx236,04-08-2023
shopee,NIL,Adidas,adidas Lifestyle Adilette Lite Slides Unisex Black FU8298,NA,No Price Reduction,$48.00,1,https://shopee.sg/adidas-Lifestyle-Adilette-Lite-Slides-Unisex-Black-FU8298-i.265436651.3743605334?sp_atk=32a45e00-2fab-4bc0-93e2-f80de39a095c&xptdk=32a45e00-2fab-4bc0-93e2-f80de39a095c,https://down-sg.img.susercontent.com/file/sg-11134201-7qvdm-ljy40jir7gpi2b,04-08-2023
shopee,NIL,Adidas,adidas Basketball Hoops 2.0 Shoes Men Blue FY8631,"15%OFF, 10%OFF, $5 OFF",$100.00,$70.00,1,https://shopee.sg/adidas-Basketball-Hoops-2.0-Shoes-Men-Blue-FY8631-i.265436651.17862304524?sp_atk=9cf333eb-0fea-4138-b899-dd1eff9a9779&xptdk=9cf333eb-0fea-4138-b899-dd1eff9a9779,https://down-sg.img.susercontent.com/file/sg-11134201-7qvez-ljy1sa43fd635a,04-08-2023
shopee,NIL,Adidas,adidas Lifestyle ZX 1K Boost Shoes Men Black H68721,"15%OFF, 10%OFF, $5 OFF",No Price Reduction,$150.00,1,https://shopee.sg/adidas-Lifestyle-ZX-1K-Boost-Shoes-Men-Black-H68721-i.265436651.10165251924?sp_atk=4ab3416a-6089-491a-8709-3567177489bf&xptdk=4ab3416a-6089-491a-8709-3567177489bf,https://down-sg.img.susercontent.com/file/sg-11134201-7qvd3-ljxznv456hhh7a,04-08-2023
shopee,NIL,Adidas,adidas Running Galaxar Run Shoes Men Blue FX6887,"15%OFF, 10%OFF, $5 OFF",$119.00,$83.30,1,https://shopee.sg/adidas-Running-Galaxar-Run-Shoes-Men-Blue-FX6887-i.265436651.12482497134?sp_atk=1e87be0a-1e0c-473c-be3a-e3d6639152d2&xptdk=1e87be0a-1e0c-473c-be3a-e3d6639152d2,https://down-sg.img.susercontent.com/file/sg-11134201-7qvfp-ljy374cr1vp337,04-08-2023
shopee,NIL,Adidas,adidas Tennis Advantage Shoes Men White HR0237,NA,No Price Reduction,$99.00,1,https://shopee.sg/adidas-Tennis-Advantage-Shoes-Men-White-HR0237-i.265436651.21972577764?sp_atk=01496fca-1c19-4ee9-8f53-edc2d60714cd&xptdk=01496fca-1c19-4ee9-8f53-edc2d60714cd,https://down-sg.img.susercontent.com/file/sg-11134201-7qvfu-ljy4aeovcb9hb7,04-08-2023
shopee,NIL,Adidas,adidas Running Pureboost 22 Shoes Unisex Grey GW0904,NA,No Price Reduction,$170.00,1,https://shopee.sg/adidas-Running-Pureboost-22-Shoes-Unisex-Grey-GW0904-i.265436651.16541430002?sp_atk=976b5572-d3e5-40bb-b8b1-9d592d298493&xptdk=976b5572-d3e5-40bb-b8b1-9d592d298493,https://down-sg.img.susercontent.com/file/sg-11134201-7qvd1-ljrtxlbeevzf5e,04-08-2023
shopee,NIL,Adidas,adidas Swimming Adilette Aqua Slides Unisex Blue GZ5866,"15%OFF, $5 OFF, 10%OFF",No Price Reduction,$40.00,1,https://shopee.sg/adidas-Swimming-Adilette-Aqua-Slides-Unisex-Blue-GZ5866-i.265436651.23622231541?sp_atk=e1c00b1e-21e8-4aa3-84a3-c5d848bb20f9&xptdk=e1c00b1e-21e8-4aa3-84a3-c5d848bb20f9,https://down-sg.img.susercontent.com/file/sg-11134201-7qveb-ljy4k47vulmm02,04-08-2023
shopee,NIL,Adidas,adidas Running Racer TR21 Shoes Men White GZ8182,"15%OFF, 10%OFF, $5 OFF",$119.00,$83.30,1,https://shopee.sg/adidas-Running-Racer-TR21-Shoes-Men-White-GZ8182-i.265436651.15100043729?sp_atk=5ae63a90-21a5-433d-9095-dd2f06fbc631&xptdk=5ae63a90-21a5-433d-9095-dd2f06fbc631,https://down-sg.img.susercontent.com/file/sg-11134201-7qvda-ljy42bzqqrh39e,04-08-2023
shopee,NIL,Adidas,adidas Lifestyle Grand Court Cloudfoam Comfort Shoes Men White GW9195,NA,No Price Reduction,$109.00,1,https://shopee.sg/adidas-Lifestyle-Grand-Court-Cloudfoam-Comfort-Shoes-Men-White-GW9195-i.265436651.23466168966?sp_atk=8e1d5b4f-61cc-472e-bc5f-c7255d7674c6&xptdk=8e1d5b4f-61cc-472e-bc5f-c7255d7674c6,https://down-sg.img.susercontent.com/file/sg-11134201-7qvfi-ljy110l9rlry4a,04-08-2023
shopee,NIL,Adidas,adidas Running Response Super 3.0 Shoes Men Red HP5934,"15%OFF, 10%OFF, $5 OFF",$129.00,$90.30,1,https://shopee.sg/adidas-Running-Response-Super-3.0-Shoes-Men-Red-HP5934-i.265436651.22122233708?sp_atk=9043212d-f538-4871-b8c7-ac0079527cc2&xptdk=9043212d-f538-4871-b8c7-ac0079527cc2,https://down-sg.img.susercontent.com/file/sg-11134201-7qvfv-ljy36b1txmes84,04-08-2023
shopee,NIL,Adidas,adidas Lifestyle Continental 80 Shoes Unisex Black G27707,"15%OFF, 10%OFF, $5 OFF",$169.00,$118.30,1,https://shopee.sg/adidas-Lifestyle-Continental-80-Shoes-Unisex-Black-G27707-i.265436651.7543507764?sp_atk=4bd61cee-2057-45bc-bb90-4d315d5fb586&xptdk=4bd61cee-2057-45bc-bb90-4d315d5fb586,https://down-sg.img.susercontent.com/file/sg-11134201-7qvf7-ljxzv7xjnic785,04-08-2023
shopee,NIL,Adidas,adidas Running Ultrabounce Shoes Men White HP5771,"15%OFF, 10%OFF, $5 OFF",$119.00,$95.20,1,https://shopee.sg/adidas-Running-Ultrabounce-Shoes-Men-White-HP5771-i.265436651.23740679313?sp_atk=5d0e3444-bf96-41d7-b499-e5b56b09180a&xptdk=5d0e3444-bf96-41d7-b499-e5b56b09180a,https://down-sg.img.susercontent.com/file/sg-11134201-7qvel-ljy0l5tn0jyib7,04-08-2023
shopee,NIL,Adidas,adidas Basketball Forum Low Classic Shoes Men Red FZ6265,"15%OFF, 10%OFF, $5 OFF",$159.00,$127.20,1,https://shopee.sg/adidas-Basketball-Forum-Low-Classic-Shoes-Men-Red-FZ6265-i.265436651.23222230437?sp_atk=daa2009a-b2bf-4f6c-ba90-31b60c262f31&xptdk=daa2009a-b2bf-4f6c-ba90-31b60c262f31,https://down-sg.img.susercontent.com/file/sg-11134201-7qvdy-ljy3vwddoy66f2,04-08-2023
shopee,NIL,Adidas,adidas Basketball Rivalry Low Shoes Men White GX2272,NA,No Price Reduction,$159.00,1,https://shopee.sg/adidas-Basketball-Rivalry-Low-Shoes-Men-White-GX2272-i.265436651.23141085791?sp_atk=04706446-0a26-4e5a-923c-a82f4a1760c3&xptdk=04706446-0a26-4e5a-923c-a82f4a1760c3,https://down-sg.img.susercontent.com/file/sg-11134201-7qvg7-ljy5h3mm7xfpdb,04-08-2023
shopee,NIL,Adidas,adidas Running Adistar 2.0 Shoes Men Black HP2335,"15%OFF, 10%OFF, $5 OFF",$189.00,$132.30,1,https://shopee.sg/adidas-Running-Adistar-2.0-Shoes-Men-Black-HP2335-i.265436651.22322232532?sp_atk=7cc5664f-43cc-403c-be2e-f35f0e933940&xptdk=7cc5664f-43cc-403c-be2e-f35f0e933940,https://down-sg.img.susercontent.com/file/sg-11134201-7qvfh-ljwbzc9yvey3c9,04-08-2023
shopee,NIL,Adidas,adidas Skateboarding Daily 3.0 Shoes Men Grey FW3270,NA,No Price Reduction,$89.00,1,https://shopee.sg/adidas-Skateboarding-Daily-3.0-Shoes-Men-Grey-FW3270-i.265436651.22222232467?sp_atk=b1e54434-6a0a-4a04-b13a-5b7e24db8edf&xptdk=b1e54434-6a0a-4a04-b13a-5b7e24db8edf,https://down-sg.img.susercontent.com/file/sg-11134201-7qvfm-ljqc89cthladd5,04-08-2023
shopee,NIL,Adidas,adidas Lifestyle Treziod 2 Shoes Men Green GY0045,"15%OFF, 10%OFF, $5 OFF",$159.00,$111.30,1,https://shopee.sg/adidas-Lifestyle-Treziod-2-Shoes-Men-Green-GY0045-i.265436651.22222231991?sp_atk=1d653f8b-70f5-443e-83a9-1f7bbf9e4d7e&xptdk=1d653f8b-70f5-443e-83a9-1f7bbf9e4d7e,https://down-sg.img.susercontent.com/file/sg-11134201-7qvd3-ljy2wrf2u58e22,04-08-2023
shopee,NIL,Adidas,adidas Running SOLARGLIDE 6 Shoes Men Grey HP7609,"15%OFF, 10%OFF, $5 OFF",$199.00,$139.30,1,https://shopee.sg/adidas-Running-SOLARGLIDE-6-Shoes-Men-Grey-HP7609-i.265436651.21572577684?sp_atk=269fb0b6-6df0-43e7-a6c1-d147ab55a4b1&xptdk=269fb0b6-6df0-43e7-a6c1-d147ab55a4b1,https://down-sg.img.susercontent.com/file/sg-11134201-7qve9-ljy0kwd6tcsq6b,04-08-2023
shopee,NIL,Adidas,adidas Running Ultrabounce Shoes Men Black HP5797,NA,No Price Reduction,$119.00,1,https://shopee.sg/adidas-Running-Ultrabounce-Shoes-Men-Black-HP5797-i.265436651.19088409374?sp_atk=484aa05d-7b6c-4439-becf-101d13ec96bb&xptdk=484aa05d-7b6c-4439-becf-101d13ec96bb,https://down-sg.img.susercontent.com/file/sg-11134201-7qvd2-ljy5eiqm5gcqd2,04-08-2023
shopee,NIL,Adidas,adidas Running Duramo 10 Shoes Men Red HP2382,"15%OFF, 10%OFF, $5 OFF",$99.00,$79.20,1,https://shopee.sg/adidas-Running-Duramo-10-Shoes-Men-Red-HP2382-i.265436651.18288169975?sp_atk=719fdf55-e91a-463b-a3eb-6acc0accd2f3&xptdk=719fdf55-e91a-463b-a3eb-6acc0accd2f3,https://down-sg.img.susercontent.com/file/sg-11134201-7qvf4-ljy2hr3fhukqff,04-08-2023
shopee,NIL,Adidas,adidas Running Runfalcon 3 TR Shoes Men Green HP7569,"15%OFF, 10%OFF, $5 OFF",$89.00,$62.30,1,https://shopee.sg/adidas-Running-Runfalcon-3-TR-Shoes-Men-Green-HP7569-i.265436651.18188252952?sp_atk=a188ab83-ff5b-44d1-9511-9312765f00ef&xptdk=a188ab83-ff5b-44d1-9511-9312765f00ef,https://down-sg.img.susercontent.com/file/sg-11134201-7qvfg-lg5v2ph56w3p94,04-08-2023
shopee,NIL,Adidas,adidas Running Supernova 2.0 Shoes Men Grey HQ9933,"15%OFF, 10%OFF, $5 OFF",$159.00,$127.20,1,https://shopee.sg/adidas-Running-Supernova-2.0-Shoes-Men-Grey-HQ9933-i.265436651.18172579907?sp_atk=374e05c1-2804-4419-9985-dbb58b212b98&xptdk=374e05c1-2804-4419-9985-dbb58b212b98,https://down-sg.img.susercontent.com/file/sg-11134201-7qvdm-ljy2jkx95x1za7,04-08-2023
shopee,NIL,Adidas,adidas Running Runfalcon 3.0 Shoes Men White HQ3789,NA,No Price Reduction,$79.00,1,https://shopee.sg/adidas-Running-Runfalcon-3.0-Shoes-Men-White-HQ3789-i.265436651.12498197146?sp_atk=9b2f655d-738a-42c1-9cb8-2b5b1eedc12c&xptdk=9b2f655d-738a-42c1-9cb8-2b5b1eedc12c,https://down-sg.img.susercontent.com/file/sg-11134201-7qvg3-ljy4a9kmtwok24,04-08-2023
shopee,NIL,Adidas,adidas Swimming Adilette Comfort Sandals Unisex Black GV9712,"15%OFF, 10%OFF, $5 OFF",No Price Reduction,$59.00,1,https://shopee.sg/adidas-Swimming-Adilette-Comfort-Sandals-Unisex-Black-GV9712-i.265436651.9884093051?sp_atk=b56831a7-58f4-4594-af79-2552218efed0&xptdk=b56831a7-58f4-4594-af79-2552218efed0,https://down-sg.img.susercontent.com/file/sg-11134201-7qvej-ljy28allt3iq7c,04-08-2023
shopee,NIL,Adidas,adidas Lifestyle Adilette Lite Slides Unisex Blue FU8299,NA,No Price Reduction,$48.00,1,https://shopee.sg/adidas-Lifestyle-Adilette-Lite-Slides-Unisex-Blue-FU8299-i.265436651.9084096415?sp_atk=66f16fe2-0b3c-4f4a-bc42-44a5482525e5&xptdk=66f16fe2-0b3c-4f4a-bc42-44a5482525e5,https://down-sg.img.susercontent.com/file/sg-11134201-7qvd0-ljy0fub78bzr9e,04-08-2023
shopee,NIL,Adidas,adidas Swimming Adilette Aqua Slides Unisex Blue F35542,NA,No Price Reduction,$40.00,1,https://shopee.sg/adidas-Swimming-Adilette-Aqua-Slides-Unisex-Blue-F35542-i.265436651.6395987324?sp_atk=89bbf766-bda2-4e18-97fe-bd4eed01acd2&xptdk=89bbf766-bda2-4e18-97fe-bd4eed01acd2,https://down-sg.img.susercontent.com/file/sg-11134201-7qvf6-ljf8rgz8yu8f76,04-08-2023
shopee,NIL,Adidas,adidas Swimming Adilette Aqua Slides Unisex Black EG1758,NA,No Price Reduction,$35.00,1,https://shopee.sg/adidas-Swimming-Adilette-Aqua-Slides-Unisex-Black-EG1758-i.265436651.6096002522?sp_atk=67349124-90d5-46c7-974b-e86a164caa47&xptdk=67349124-90d5-46c7-974b-e86a164caa47,https://down-sg.img.susercontent.com/file/sg-11134201-7qvfm-ljy10hmfiupx6b,04-08-2023
shopee,NIL,Adidas,adidas Swimming Adilette Comfort Slides Unisex Black GZ5891,NA,No Price Reduction,$59.00,0,https://shopee.sg/adidas-Swimming-Adilette-Comfort-Slides-Unisex-Black-GZ5891-i.265436651.23740995878?sp_atk=350d133f-2fb8-4dcd-9a56-19d87588040d&xptdk=350d133f-2fb8-4dcd-9a56-19d87588040d,https://down-sg.img.susercontent.com/file/sg-11134201-7qve3-ljy2grbpua1i66,04-08-2023
shopee,NIL,Adidas,adidas Swimming Adilette Aqua Slides Unisex Pink GZ5869,"15%OFF, $5 OFF, 10%OFF",No Price Reduction,$40.00,0,https://shopee.sg/adidas-Swimming-Adilette-Aqua-Slides-Unisex-Pink-GZ5869-i.265436651.23622232033?sp_atk=5d1f4bbe-a6f6-4b4f-a2c3-346e10aec607&xptdk=5d1f4bbe-a6f6-4b4f-a2c3-346e10aec607,https://down-sg.img.susercontent.com/file/sg-11134201-7qvdm-ljy1dckm3bmf97,04-08-2023
shopee,NIL,Adidas,adidas Lifestyle Superstar Shoes Men Blue GZ9411,"15%OFF, 10%OFF, $5 OFF",$169.00,$118.30,0,https://shopee.sg/adidas-Lifestyle-Superstar-Shoes-Men-Blue-GZ9411-i.265436651.23140908181?sp_atk=8c730e98-28bc-4678-9f69-b3796429c8b1&xptdk=8c730e98-28bc-4678-9f69-b3796429c8b1,https://down-sg.img.susercontent.com/file/sg-11134201-7qvfa-ljy59p0adx517f,04-08-2023
shopee,NIL,Adidas,adidas Running Adizero RC 5 Shoes Unisex White HQ3679,"15%OFF, 10%OFF, $5 OFF",$149.00,$119.20,0,https://shopee.sg/adidas-Running-Adizero-RC-5-Shoes-Unisex-White-HQ3679-i.265436651.22941357921?sp_atk=fdc43a83-4274-4a2e-b57c-499d63469070&xptdk=fdc43a83-4274-4a2e-b57c-499d63469070,https://down-sg.img.susercontent.com/file/sg-11134201-7qvfs-ljhrkpj85ywua3,04-08-2023
shopee,NIL,Adidas,adidas Basketball Forum Mid Shoes Men White GY0006,"15%OFF, 10%OFF, $5 OFF",$169.00,$135.20,0,https://shopee.sg/adidas-Basketball-Forum-Mid-Shoes-Men-White-GY0006-i.265436651.22941214685?sp_atk=d417ff28-9756-48ea-82bf-9ce91d84ca75&xptdk=d417ff28-9756-48ea-82bf-9ce91d84ca75,https://down-sg.img.susercontent.com/file/sg-11134201-7qvdx-ljy14nasj1p205,04-08-2023
shopee,NIL,Adidas,adidas Lifestyle Adilette Slides Men White HQ6746,"15%OFF, 10%OFF, $5 OFF",$89.00,$71.20,0,https://shopee.sg/adidas-Lifestyle-Adilette-Slides-Men-White-HQ6746-i.265436651.22941214518?sp_atk=ee0c98af-46de-408e-89f1-353015db611b&xptdk=ee0c98af-46de-408e-89f1-353015db611b,https://down-sg.img.susercontent.com/file/sg-11134201-7qvfx-ljyytxkml4i2eb,04-08-2023
shopee,NIL,Adidas,adidas Swimming Adilette Comfort Sandals Unisex Grey GW1054,"15%OFF, $5 OFF, 10%OFF",$59.00,$41.30,0,https://shopee.sg/adidas-Swimming-Adilette-Comfort-Sandals-Unisex-Grey-GW1054-i.265436651.22822231928?sp_atk=26f32177-4322-4d04-a8a0-0b1755fff342&xptdk=26f32177-4322-4d04-a8a0-0b1755fff342,https://down-sg.img.susercontent.com/file/sg-11134201-7qvd8-ljy3xpsry3yv0f,04-08-2023
shopee,NIL,Adidas,adidas Running Pureboost 22 Shoes Men White GZ5175,"15%OFF, 10%OFF, $5 OFF",$209.00,$146.30,0,https://shopee.sg/adidas-Running-Pureboost-22-Shoes-Men-White-GZ5175-i.265436651.22122234406?sp_atk=48f8c6d0-c647-435d-b58e-bb29e9e3d1a8&xptdk=48f8c6d0-c647-435d-b58e-bb29e9e3d1a8,https://down-sg.img.susercontent.com/file/sg-11134201-7qvd9-ljy1pg8ugiwna8,04-08-2023
shopee,NIL,Adidas,adidas Running EQ21 Run Shoes Men Grey H00515,"15%OFF, 10%OFF, $5 OFF",$119.00,$83.30,0,https://shopee.sg/adidas-Running-EQ21-Run-Shoes-Men-Grey-H00515-i.265436651.21348671445?sp_atk=264e2ce9-692a-47ae-963b-8a29cec18d6f&xptdk=264e2ce9-692a-47ae-963b-8a29cec18d6f,https://down-sg.img.susercontent.com/file/sg-11134201-7qve2-ljy0jdi73imqfd,04-08-2023
shopee,NIL,Adidas,adidas Running Ozelle Cloudfoam Shoes Men Beige GX6762,"15%OFF, 10%OFF, $5 OFF",No Price Reduction,$119.00,0,https://shopee.sg/adidas-Running-Ozelle-Cloudfoam-Shoes-Men-Beige-GX6762-i.265436651.21288198870?sp_atk=246c2e96-7a26-4473-a206-7450c7f222b6&xptdk=246c2e96-7a26-4473-a206-7450c7f222b6,https://down-sg.img.susercontent.com/file/sg-11134201-7qvfy-ljy1evgpopmc9f,04-08-2023
shopee,NIL,Adidas,adidas Lifestyle Shmoofoil Slides Men White HQ2034,"15%OFF, $5 OFF, 10%OFF",$59.00,$47.20,0,https://shopee.sg/adidas-Lifestyle-Shmoofoil-Slides-Men-White-HQ2034-i.265436651.20688309894?sp_atk=b991c32c-2eab-4606-8db1-5e7939746ff6&xptdk=b991c32c-2eab-4606-8db1-5e7939746ff6,https://down-sg.img.susercontent.com/file/sg-11134201-7qveh-ljy4fanxtoui6c,04-08-2023
shopee,NIL,Adidas,adidas Lifestyle Nizza RF Slip-On Shoes Unisex Green GW6173,"15%OFF, 10%OFF, $5 OFF",$109.00,$87.20,0,https://shopee.sg/adidas-Lifestyle-Nizza-RF-Slip-On-Shoes-Unisex-Green-GW6173-i.265436651.20272579149?sp_atk=12f12279-b426-4618-9adb-83422fc704c6&xptdk=12f12279-b426-4618-9adb-83422fc704c6,https://down-sg.img.susercontent.com/file/sg-11134201-7qvf6-ljy3atzzim8ac1,04-08-2023
shopee,NIL,Adidas,adidas Tennis Advantage Shoes Men White HR0235,NA,No Price Reduction,$99.00,0,https://shopee.sg/adidas-Tennis-Advantage-Shoes-Men-White-HR0235-i.265436651.20272579092?sp_atk=899a5388-42d7-4b3c-be0b-42ef3ef4c786&xptdk=899a5388-42d7-4b3c-be0b-42ef3ef4c786,https://down-sg.img.susercontent.com/file/sg-11134201-7qvfl-ljy2w7z1ddrycb,04-08-2023
shopee,NIL,Adidas,adidas Running SolarGlide 4 Shoes Men Black S42558,"15%OFF, 10%OFF, $5 OFF",$200.00,$140.00,0,https://shopee.sg/adidas-Running-SolarGlide-4-Shoes-Men-Black-S42558-i.265436651.20248034251?sp_atk=32596890-5dd9-4e14-8a18-78afb0c67097&xptdk=32596890-5dd9-4e14-8a18-78afb0c67097,https://down-sg.img.susercontent.com/file/sg-11134201-7qvdf-ljy15d68l60n02,04-08-2023
shopee,NIL,Adidas,adidas Lifestyle Grand Court Cloudfoam Comfort Shoes Men Black GW9198,NA,No Price Reduction,$109.00,0,https://shopee.sg/adidas-Lifestyle-Grand-Court-Cloudfoam-Comfort-Shoes-Men-Black-GW9198-i.265436651.18679195087?sp_atk=0984b6f9-4294-43ee-91cb-757df1d10bb4&xptdk=0984b6f9-4294-43ee-91cb-757df1d10bb4,https://down-sg.img.susercontent.com/file/sg-11134201-7qvey-ljy0ri62wcwm2b,04-08-2023
shopee,NIL,Adidas,adidas Lifestyle Nizza Shoes Men Black GX6094,NA,No Price Reduction,$95.00,0,https://shopee.sg/adidas-Lifestyle-Nizza-Shoes-Men-Black-GX6094-i.265436651.18651622234?sp_atk=331bf4bd-6179-4200-be35-81038f91af0a&xptdk=331bf4bd-6179-4200-be35-81038f91af0a,https://down-sg.img.susercontent.com/file/sg-11134201-7qvf0-ljy2097x8pmcf6,04-08-2023
shopee,NIL,Adidas,adidas Swimming Adilette Comfort Slides Unisex Blue H03616,NA,No Price Reduction,$59.00,0,https://shopee.sg/adidas-Swimming-Adilette-Comfort-Slides-Unisex-Blue-H03616-i.265436651.18372579655?sp_atk=ff0620cb-3107-4b19-b2a7-913c447f9fc1&xptdk=ff0620cb-3107-4b19-b2a7-913c447f9fc1,https://down-sg.img.susercontent.com/file/sg-11134201-7qvfi-ljy48grpnv9h31,04-08-2023
shopee,NIL,Adidas,adidas Training Trainer V Shoes Men Blue H06208,"15%OFF, 10%OFF, $5 OFF",$119.00,$83.30,0,https://shopee.sg/adidas-Training-Trainer-V-Shoes-Men-Blue-H06208-i.265436651.18088325195?sp_atk=aedc54f2-f03d-4449-9c4d-c1bd63f67ad5&xptdk=aedc54f2-f03d-4449-9c4d-c1bd63f67ad5,https://down-sg.img.susercontent.com/file/sg-11134201-7qvdy-ljy4ataxzviu34,04-08-2023
shopee,NIL,Adidas,adidas Golf Adicross ZX Primeblue Spikeless Golf Shoes Unisex Black G58740,"15%OFF, 10%OFF, $5 OFF",No Price Reduction,$185.00,0,https://shopee.sg/adidas-Golf-Adicross-ZX-Primeblue-Spikeless-Golf-Shoes-Unisex-Black-G58740-i.265436651.17109125333?sp_atk=02f78686-33fc-491e-a74d-96436a35db61&xptdk=02f78686-33fc-491e-a74d-96436a35db61,https://down-sg.img.susercontent.com/file/sg-11134201-7qvey-ljy2mpi6eyc695,04-08-2023
shopee,NIL,Adidas,adidas Running Questar Flow NXT Shoes Men Grey FY9565,NA,No Price Reduction,$110.00,0,https://shopee.sg/adidas-Running-Questar-Flow-NXT-Shoes-Men-Grey-FY9565-i.265436651.16235033825?sp_atk=8f1b6e57-172c-407c-9b5f-069182986640&xptdk=8f1b6e57-172c-407c-9b5f-069182986640,https://down-sg.img.susercontent.com/file/sg-11134201-7qvcp-ljy5gpj4vz3fd5,04-08-2023
shopee,NIL,Adidas,adidas Running Runfalcon 2.0 Shoes Men Blue FZ2807,"15%OFF, 10%OFF, $5 OFF",$79.00,$63.20,0,https://shopee.sg/adidas-Running-Runfalcon-2.0-Shoes-Men-Blue-FZ2807-i.265436651.16194451790?sp_atk=7387951f-38dc-4f80-8e89-aa9ca96dc18a&xptdk=7387951f-38dc-4f80-8e89-aa9ca96dc18a,https://down-sg.img.susercontent.com/file/sg-11134201-7qvex-ljy02vj4b2vq5d,04-08-2023
shopee,NIL,Adidas,adidas Lifestyle NMD_R1 Primeblue Shoes Men Black GZ9256,NA,No Price Reduction,$200.00,0,https://shopee.sg/adidas-Lifestyle-NMD_R1-Primeblue-Shoes-Men-Black-GZ9256-i.265436651.8584305877?sp_atk=015eb0da-60e5-4a25-8861-129cc94949f0&xptdk=015eb0da-60e5-4a25-8861-129cc94949f0,https://down-sg.img.susercontent.com/file/sg-11134201-7qvfp-ljy0pklym0vyd5,04-08-2023
shopee,NIL,Adidas,adidas Swimming Adilette Aqua Slides Unisex Green FY8048,"15%OFF, $5 OFF, 10%OFF",No Price Reduction,$40.00,0,https://shopee.sg/adidas-Swimming-Adilette-Aqua-Slides-Unisex-Green-FY8048-i.265436651.4195989357?sp_atk=97bb8343-cc6d-4478-8a54-e482b40ff3a2&xptdk=97bb8343-cc6d-4478-8a54-e482b40ff3a2,https://down-sg.img.susercontent.com/file/sg-11134201-7qvfa-ljy148yzf27y17,04-08-2023
shopee,NIL,Adidas,adidas Training Strutter Shoes Men Black EG2656,"15%OFF, 10%OFF, $5 OFF",No Price Reduction,$99.00,0,https://shopee.sg/adidas-Training-Strutter-Shoes-Men-Black-EG2656-i.265436651.13813924684?sp_atk=440ca49d-bcfb-434e-8c71-62fe91e3b8aa&xptdk=440ca49d-bcfb-434e-8c71-62fe91e3b8aa,https://down-sg.img.susercontent.com/file/sg-11134201-7qve9-ljy2ug5mn52j1c,04-08-2023
shopee,NIL,Adidas,adidas Running EQ21 Run Shoes Men White H00511,"15%OFF, 10%OFF, $5 OFF",$119.00,$95.20,0,https://shopee.sg/adidas-Running-EQ21-Run-Shoes-Men-White-H00511-i.265436651.11640431710?sp_atk=740a4257-638a-47fa-863b-40d1777b4c44&xptdk=740a4257-638a-47fa-863b-40d1777b4c44,https://down-sg.img.susercontent.com/file/sg-11134201-7qvcv-ljy2koa9lp5j12,04-08-2023
shopee,NIL,Adidas,adidas Lifestyle Courtic Shoes Men White GX6318,"15%OFF, 10%OFF, $5 OFF",$159.00,$111.30,0,https://shopee.sg/adidas-Lifestyle-Courtic-Shoes-Men-White-GX6318-i.265436651.18348035543?sp_atk=02ab4f56-075b-451b-8f70-3fd02582b44f&xptdk=02ab4f56-075b-451b-8f70-3fd02582b44f,https://down-sg.img.susercontent.com/file/sg-11134201-7qvez-ljy1st05qqyy5b,04-08-2023
shopee,NIL,Adidas,adidas Lifestyle Nizza Shoes Unisex White CQ2333,NA,No Price Reduction,$99.00,0,https://shopee.sg/adidas-Lifestyle-Nizza-Shoes-Unisex-White-CQ2333-i.265436651.4643514150?sp_atk=0fb0723d-cd5e-42eb-868b-80e0ef28f5b5&xptdk=0fb0723d-cd5e-42eb-868b-80e0ef28f5b5,https://down-sg.img.susercontent.com/file/sg-11134201-7qvfw-ljy3j4dgud2v49,04-08-2023
shopee,NIL,Adidas,adidas Lifestyle Team Court Shoes Men White FW5067,NA,No Price Reduction,$120.00,0,https://shopee.sg/adidas-Lifestyle-Team-Court-Shoes-Men-White-FW5067-i.265436651.14963950773?sp_atk=235514d3-109c-426e-94fd-15c4c1a7c2e5&xptdk=235514d3-109c-426e-94fd-15c4c1a7c2e5,https://down-sg.img.susercontent.com/file/sg-11134201-7qveu-ljy0ludd1xh0b0,04-08-2023
shopee,NIL,Adidas,adidas Running Pureboost 21 Shoes Men White GY5099,"15%OFF, 10%OFF, $5 OFF",$190.00,$133.00,0,https://shopee.sg/adidas-Running-Pureboost-21-Shoes-Men-White-GY5099-i.265436651.3793358512?sp_atk=74fa63f4-538b-4ded-b1d6-02b083431a1e&xptdk=74fa63f4-538b-4ded-b1d6-02b083431a1e,https://down-sg.img.susercontent.com/file/sg-11134201-7qvg3-ljy4pqb074sq70,04-08-2023
shopee,NIL,Adidas,adidas Lifestyle Nizza Shoes Unisex Black CQ2332,NA,No Price Reduction,$95.00,0,https://shopee.sg/adidas-Lifestyle-Nizza-Shoes-Unisex-Black-CQ2332-i.265436651.4943509102?sp_atk=48ae477f-c102-464c-b480-ed6804ecef4b&xptdk=48ae477f-c102-464c-b480-ed6804ecef4b,https://down-sg.img.susercontent.com/file/sg-11134201-7qvfi-ljy01ejjuk2a15,04-08-2023
shopee,NIL,Adidas,adidas Running Duramo SL Shoes Men White GV7125,"15%OFF, 10%OFF, $5 OFF",$99.00,$69.30,0,https://shopee.sg/adidas-Running-Duramo-SL-Shoes-Men-White-GV7125-i.265436651.23940683674?sp_atk=288c74e4-dbeb-45af-8709-6d6acabd85eb&xptdk=288c74e4-dbeb-45af-8709-6d6acabd85eb,https://down-sg.img.susercontent.com/file/sg-11134201-7qvda-ljy3v1dp1ltjc6,04-08-2023
shopee,NIL,Adidas,adidas Swimming Racer TR Slides Unisex Green GZ1168,"15%OFF, 10%OFF, $5 OFF",No Price Reduction,$50.00,0,https://shopee.sg/adidas-Swimming-Racer-TR-Slides-Unisex-Green-GZ1168-i.265436651.22922232037?sp_atk=2b07a789-e318-423d-a6c6-58a77eb7999c&xptdk=2b07a789-e318-423d-a6c6-58a77eb7999c,https://down-sg.img.susercontent.com/file/sg-11134201-7qvef-ljy10quk0tdg31,04-08-2023
shopee,NIL,Adidas,adidas Swimming Adilette Comfort Sandals Unisex Blue GV9713,"15%OFF, 10%OFF, $5 OFF",No Price Reduction,$59.00,0,https://shopee.sg/adidas-Swimming-Adilette-Comfort-Sandals-Unisex-Blue-GV9713-i.265436651.8091556133?sp_atk=b2931bed-84fd-47bb-966d-628dd80cd5cc&xptdk=b2931bed-84fd-47bb-966d-628dd80cd5cc,https://down-sg.img.susercontent.com/file/sg-11134201-7qvfu-ljy210pwzzcnce,04-08-2023
shopee,NIL,Adidas,adidas Lifestyle Campus 00s Shoes Men Blue GY9473,NA,No Price Reduction,$140.00,0,https://shopee.sg/adidas-Lifestyle-Campus-00s-Shoes-Men-Blue-GY9473-i.265436651.19951621242?sp_atk=6e87a273-b730-4386-9a2d-c1ee78de097d&xptdk=6e87a273-b730-4386-9a2d-c1ee78de097d,https://down-sg.img.susercontent.com/file/sg-11134201-7qvg8-ljw9nse4jpee09,04-08-2023
shopee,NIL,Adidas,adidas Running SolarGlide 4 Shoes Men Black S42559,"15%OFF, 10%OFF, $5 OFF",$200.00,$140.00,0,https://shopee.sg/adidas-Running-SolarGlide-4-Shoes-Men-Black-S42559-i.265436651.21048030265?sp_atk=aed71a15-1c5a-4a43-bc8e-ac804038c0ae&xptdk=aed71a15-1c5a-4a43-bc8e-ac804038c0ae,https://down-sg.img.susercontent.com/file/sg-11134201-7qveu-ljy0yyrfrm6655,04-08-2023
shopee,NIL,Adidas,adidas Basketball Centennial 85 Low Shoes Men Green FZ5880,"15%OFF, 10%OFF, $5 OFF",$159.00,$111.30,0,https://shopee.sg/adidas-Basketball-Centennial-85-Low-Shoes-Men-Green-FZ5880-i.265436651.23966489999?sp_atk=9c955c02-6350-4050-86c6-605dccca9869&xptdk=9c955c02-6350-4050-86c6-605dccca9869,https://down-sg.img.susercontent.com/file/sg-11134201-7qvcv-ljy456eevridb7,04-08-2023
shopee,NIL,Adidas,adidas Running Alphabounce+ Sustainable Bounce Shoes Men White HP6139,"15%OFF, 10%OFF, $5 OFF",$129.00,$90.30,0,https://shopee.sg/adidas-Running-Alphabounce-Sustainable-Bounce-Shoes-Men-White-HP6139-i.265436651.23966480756?sp_atk=a0ec6d0c-ca45-4f2b-baf8-231241e94a23&xptdk=a0ec6d0c-ca45-4f2b-baf8-231241e94a23,https://down-sg.img.susercontent.com/file/sg-11134201-7qvdj-ljy29egxfabpab,04-08-2023
shopee,NIL,Adidas,adidas Lifestyle Adi2000 Shoes Men Red H03488,"15%OFF, 10%OFF, $5 OFF",$179.00,$125.30,0,https://shopee.sg/adidas-Lifestyle-Adi2000-Shoes-Men-Red-H03488-i.265436651.23941213089?sp_atk=3aee5294-acb4-41b5-83ac-43fb4b23dcdd&xptdk=3aee5294-acb4-41b5-83ac-43fb4b23dcdd,https://down-sg.img.susercontent.com/file/sg-11134201-7qvd1-ljy532n57dyj7b,04-08-2023
shopee,NIL,Adidas,adidas Running Ozelle Cloudfoam Shoes Men Black GX6763,"15%OFF, 10%OFF, $5 OFF",No Price Reduction,$119.00,0,https://shopee.sg/adidas-Running-Ozelle-Cloudfoam-Shoes-Men-Black-GX6763-i.265436651.23940911694?sp_atk=e3c6d750-8f11-4359-b50b-c9b99b6e1d5c&xptdk=e3c6d750-8f11-4359-b50b-c9b99b6e1d5c,https://down-sg.img.susercontent.com/file/sg-11134201-7qvdw-ljy5fevd4plj1d,04-08-2023
shopee,NIL,Adidas,adidas Running Ultrabounce Shoes Men White HP5778,NA,No Price Reduction,$119.00,0,https://shopee.sg/adidas-Running-Ultrabounce-Shoes-Men-White-HP5778-i.265436651.23940679372?sp_atk=6adec4de-b004-49fa-a74e-c0288b539eef&xptdk=6adec4de-b004-49fa-a74e-c0288b539eef,https://down-sg.img.susercontent.com/file/sg-11134201-7qvcq-ljy1z89hbnyd40,04-08-2023
shopee,NIL,Adidas,adidas Running Response Super 3.0 Shoes Men Black GW1374,NA,No Price Reduction,$129.00,0,https://shopee.sg/adidas-Running-Response-Super-3.0-Shoes-Men-Black-GW1374-i.265436651.23922233180?sp_atk=97d0341e-43cc-4839-8d9a-c4239f622395&xptdk=97d0341e-43cc-4839-8d9a-c4239f622395,https://down-sg.img.susercontent.com/file/sg-11134201-7qvep-ljy29iqd85li7d,04-08-2023
shopee,NIL,Adidas,adidas Swimming Adilette Shower Slides Unisex Blue GZ3774,NA,No Price Reduction,$40.00,0,https://shopee.sg/adidas-Swimming-Adilette-Shower-Slides-Unisex-Blue-GZ3774-i.265436651.23922230598?sp_atk=daf53ecd-b250-45b0-b3cd-252e264259e0&xptdk=daf53ecd-b250-45b0-b3cd-252e264259e0,https://down-sg.img.susercontent.com/file/sg-11134201-7qvee-ljy1edihydxa71,04-08-2023
shopee,NIL,Adidas,adidas Lifestyle Nizza RF Hi Shoes Men White F34941,NA,No Price Reduction,$139.00,0,https://shopee.sg/adidas-Lifestyle-Nizza-RF-Hi-Shoes-Men-White-F34941-i.265436651.23841364236?sp_atk=8bb44003-a2b1-4252-9701-45e2517c94d8&xptdk=8bb44003-a2b1-4252-9701-45e2517c94d8,https://down-sg.img.susercontent.com/file/sg-11134201-7qvf4-ljy1p2qq9ar816,04-08-2023
shopee,NIL,Adidas,adidas Swimming Adilette Comfort Slides Unisex White GZ5895,NA,No Price Reduction,$59.00,0,https://shopee.sg/adidas-Swimming-Adilette-Comfort-Slides-Unisex-White-GZ5895-i.265436651.23641364259?sp_atk=0411b0c1-c470-4e71-a620-97ed83a77fa4&xptdk=0411b0c1-c470-4e71-a620-97ed83a77fa4,https://down-sg.img.susercontent.com/file/sg-11134201-7qve5-ljy1pf10a3gedb,04-08-2023
shopee,NIL,Adidas,adidas Running Ultrabounce Shoes Men Red HP5775,NA,No Price Reduction,$119.00,0,https://shopee.sg/adidas-Running-Ultrabounce-Shoes-Men-Red-HP5775-i.265436651.23540690869?sp_atk=b965cd8c-455e-40f0-a6a6-33d3898af9f0&xptdk=b965cd8c-455e-40f0-a6a6-33d3898af9f0,https://down-sg.img.susercontent.com/file/sg-11134201-7qveu-ljy3coi89r5j4d,04-08-2023
shopee,NIL,Adidas,adidas Swimming Adilette Comfort Slides Unisex Blue GZ5892,NA,No Price Reduction,$59.00,0,https://shopee.sg/adidas-Swimming-Adilette-Comfort-Slides-Unisex-Blue-GZ5892-i.265436651.23422232164?sp_atk=d358bc2b-660b-4afd-bdfb-4d816c13e6c3&xptdk=d358bc2b-660b-4afd-bdfb-4d816c13e6c3,https://down-sg.img.susercontent.com/file/sg-11134201-7qvet-ljy4nxmirshxc1,04-08-2023
shopee,NIL,Adidas,adidas Running Pureboost 22 Shoes Men Blue HQ1453,"15%OFF, 10%OFF, $5 OFF",$209.00,$146.30,0,https://shopee.sg/adidas-Running-Pureboost-22-Shoes-Men-Blue-HQ1453-i.265436651.23422231965?sp_atk=30ed9e1f-601e-40c6-9d46-d8570b024282&xptdk=30ed9e1f-601e-40c6-9d46-d8570b024282,https://down-sg.img.susercontent.com/file/sg-11134201-7qvfo-ljy0w7p6rs1gb3,04-08-2023
shopee,NIL,Adidas,adidas Lifestyle Nizza Hi RF 74 Shoes Men Black GX8488,"15%OFF, 10%OFF, $5 OFF",$149.00,$104.30,0,https://shopee.sg/adidas-Lifestyle-Nizza-Hi-RF-74-Shoes-Men-Black-GX8488-i.265436651.23341213014?sp_atk=c9b55bb0-16d1-4dc2-98bd-2fc46e125c4b&xptdk=c9b55bb0-16d1-4dc2-98bd-2fc46e125c4b,https://down-sg.img.susercontent.com/file/sg-11134201-7qvd3-ljy0w4qx3ax1d4,04-08-2023
shopee,NIL,Adidas,adidas Basketball Rivalry Low Shoes Men Black FZ6327,NA,No Price Reduction,$149.00,0,https://shopee.sg/adidas-Basketball-Rivalry-Low-Shoes-Men-Black-FZ6327-i.265436651.23341084492?sp_atk=68776048-0ada-4f08-ae27-b9ff5a464bca&xptdk=68776048-0ada-4f08-ae27-b9ff5a464bca,https://down-sg.img.susercontent.com/file/sg-11134201-7qvcz-ljy438ddczp086,04-08-2023
shopee,NIL,Adidas,adidas Lifestyle Superstar Shoes Men White HQ2167,"15%OFF, 10%OFF, $5 OFF",$159.00,$127.20,0,https://shopee.sg/adidas-Lifestyle-Superstar-Shoes-Men-White-HQ2167-i.265436651.23241214268?sp_atk=b753aff6-cf51-4739-b89a-7bb69031abd8&xptdk=b753aff6-cf51-4739-b89a-7bb69031abd8,https://down-sg.img.susercontent.com/file/sg-11134201-7qvep-ljy0seop8hg6a6,04-08-2023
shopee,NIL,Adidas,adidas Running Ultrabounce Shoes Men Blue HP5774,NA,No Price Reduction,$119.00,0,https://shopee.sg/adidas-Running-Ultrabounce-Shoes-Men-Blue-HP5774-i.265436651.23240691211?sp_atk=bbc68a31-6737-4297-8065-51a3af020341&xptdk=bbc68a31-6737-4297-8065-51a3af020341,https://down-sg.img.susercontent.com/file/sg-11134201-7qvf1-ljy1tf3xe8xj22,04-08-2023
shopee,NIL,Adidas,adidas Running Supernova 2.0 Shoes Men Grey HQ9932,"15%OFF, 10%OFF, $5 OFF",$159.00,$111.30,0,https://shopee.sg/adidas-Running-Supernova-2.0-Shoes-Men-Grey-HQ9932-i.265436651.23222230383?sp_atk=c38f9c29-3945-483e-8e4c-5ab6a0e29aa3&xptdk=c38f9c29-3945-483e-8e4c-5ab6a0e29aa3,https://down-sg.img.susercontent.com/file/sg-11134201-7qvcu-ljy563ak7hfufe,04-08-2023
shopee,NIL,Adidas,adidas Running Duramo 10 Shoes Men Grey HP2372,NA,No Price Reduction,$99.00,0,https://shopee.sg/adidas-Running-Duramo-10-Shoes-Men-Grey-HP2372-i.265436651.23166169792?sp_atk=fa423d23-6170-4fce-b46d-a13958e31b67&xptdk=fa423d23-6170-4fce-b46d-a13958e31b67,https://down-sg.img.susercontent.com/file/sg-11134201-7qvf5-ljy0kc0ymb1225,04-08-2023
shopee,NIL,Adidas,adidas Basketball Forum Exhibit Low Shoes Men Grey IF9956,"15%OFF, 10%OFF, $5 OFF",$159.00,$111.30,0,https://shopee.sg/adidas-Basketball-Forum-Exhibit-Low-Shoes-Men-Grey-IF9956-i.265436651.23141085974?sp_atk=9e5c1d20-735b-4d99-91c0-0ceaf3929929&xptdk=9e5c1d20-735b-4d99-91c0-0ceaf3929929,https://down-sg.img.susercontent.com/file/sg-11134201-7qvft-ljy46p80p0r67d,04-08-2023
shopee,NIL,Adidas,adidas Running Adizero x Parley Shoes Men White HR1749,"15%OFF, 10%OFF, $5 OFF",$169.00,$135.20 - $169.00,0,https://shopee.sg/adidas-Running-Adizero-x-Parley-Shoes-Men-White-HR1749-i.265436651.23140680764?sp_atk=6fc43116-ccf2-48f0-b281-319d4c59546f&xptdk=6fc43116-ccf2-48f0-b281-319d4c59546f,https://down-sg.img.susercontent.com/file/sg-11134201-7qvdk-ljy29taht9u24b,04-08-2023
shopee,NIL,Adidas,adidas Running Supernova 2.0 Shoes Men White HQ9939,"15%OFF, 10%OFF, $5 OFF",$159.00,$111.30,0,https://shopee.sg/adidas-Running-Supernova-2.0-Shoes-Men-White-HQ9939-i.265436651.23122229422?sp_atk=7fb9f13a-21b6-45bc-9d44-a198b5cec0ba&xptdk=7fb9f13a-21b6-45bc-9d44-a198b5cec0ba,https://down-sg.img.susercontent.com/file/sg-11134201-7qvea-ljy3m8xa6fphbe,04-08-2023
shopee,NIL,Adidas,adidas Lifestyle NMD_R1 Shoes Men Blue GW4657,"15%OFF, 10%OFF, $5 OFF",$209.00,$167.20,0,https://shopee.sg/adidas-Lifestyle-NMD_R1-Shoes-Men-Blue-GW4657-i.265436651.23066850622?sp_atk=479e8aa0-e4ee-47af-b472-ecc14ca6f526&xptdk=479e8aa0-e4ee-47af-b472-ecc14ca6f526,https://down-sg.img.susercontent.com/file/sg-11134201-7qves-ljy1lu94q4x7bb,04-08-2023
shopee,NIL,Adidas,adidas Basketball Rivalry Low TR Shoes Men Brown IE1666,"15%OFF, 10%OFF, $5 OFF",$169.00,$118.30,0,https://shopee.sg/adidas-Basketball-Rivalry-Low-TR-Shoes-Men-Brown-IE1666-i.265436651.23041214666?sp_atk=144c6297-d3bf-4a8e-8232-c49e09985a65&xptdk=144c6297-d3bf-4a8e-8232-c49e09985a65,https://down-sg.img.susercontent.com/file/sg-11134201-7qvcy-ljy5b3t21qqfb6,04-08-2023
shopee,NIL,Adidas,adidas Swimming Adilette Comfort Slides Unisex Black GY1946,NA,No Price Reduction,$55.00,0,https://shopee.sg/adidas-Swimming-Adilette-Comfort-Slides-Unisex-Black-GY1946-i.265436651.23022233651?sp_atk=c37bf181-d75a-4044-a7f9-a6f1912d8e92&xptdk=c37bf181-d75a-4044-a7f9-a6f1912d8e92,https://down-sg.img.susercontent.com/file/sg-11134201-7qvd1-ljy14idrn9qia0,04-08-2023
shopee,NIL,Adidas,adidas Lifestyle NMD_R1 Shoes Men Black HQ4461,"15%OFF, 10%OFF, $5 OFF",$209.00,$167.20,0,https://shopee.sg/adidas-Lifestyle-NMD_R1-Shoes-Men-Black-HQ4461-i.265436651.22966850636?sp_atk=5bb377b1-835f-41d9-b2c8-b9bedaa17cde&xptdk=5bb377b1-835f-41d9-b2c8-b9bedaa17cde,https://down-sg.img.susercontent.com/file/sg-11134201-7qvdj-ljy4daibezuy1e,04-08-2023
shopee,NIL,Adidas,adidas Running Ultrabounce Shoes Men White HP5772,NA,No Price Reduction,$119.00,0,https://shopee.sg/adidas-Running-Ultrabounce-Shoes-Men-White-HP5772-i.265436651.22966850579?sp_atk=20f6bf27-9a5c-4f76-a3a3-c318b14aaa9f&xptdk=20f6bf27-9a5c-4f76-a3a3-c318b14aaa9f,https://down-sg.img.susercontent.com/file/sg-11134201-7qvex-ljy1m4wb3zt1dd,04-08-2023
shopee,NIL,Adidas,adidas Running Duramo SL Shoes Men Black H04622,NA,No Price Reduction,$100.00,0,https://shopee.sg/adidas-Running-Duramo-SL-Shoes-Men-Black-H04622-i.265436651.22922230871?sp_atk=50ebba56-3e96-4c88-9c47-fd40aeafa418&xptdk=50ebba56-3e96-4c88-9c47-fd40aeafa418,https://down-sg.img.susercontent.com/file/sg-11134201-7qvfw-ljy192erq8zp95,04-08-2023
shopee,NIL,Adidas,adidas Running Duramo 10 Shoes Men Grey HP2381,"15%OFF, 10%OFF, $5 OFF",$99.00,$79.20,0,https://shopee.sg/adidas-Running-Duramo-10-Shoes-Men-Grey-HP2381-i.265436651.22867246191?sp_atk=b2123668-73cc-4c80-b5c1-544736639a37&xptdk=b2123668-73cc-4c80-b5c1-544736639a37,https://down-sg.img.susercontent.com/file/sg-11134201-7qvfh-ljy1aebrhpqvd6,04-08-2023
shopee,NIL,Adidas,adidas Lifestyle Adimatic Shoes Men Pink HQ6909,"15%OFF, 10%OFF, $5 OFF",$159.00,$127.20,0,https://shopee.sg/adidas-Lifestyle-Adimatic-Shoes-Men-Pink-HQ6909-i.265436651.22866851613?sp_atk=0eb5038e-a606-4a76-8078-23cd7bf9dec6&xptdk=0eb5038e-a606-4a76-8078-23cd7bf9dec6,https://down-sg.img.susercontent.com/file/sg-11134201-7qvcx-ljxzz2v4dpdj65,04-08-2023
shopee,NIL,Adidas,adidas Running Adizero RC 5 Shoes Unisex Black HQ3680,NA,No Price Reduction,$149.00,0,https://shopee.sg/adidas-Running-Adizero-RC-5-Shoes-Unisex-Black-HQ3680-i.265436651.22841151367?sp_atk=81bb66da-d57f-4996-9507-b1aa5340af12&xptdk=81bb66da-d57f-4996-9507-b1aa5340af12,https://down-sg.img.susercontent.com/file/sg-11134201-7qvd0-ljy2qn4l61rf37,04-08-2023
shopee,NIL,Adidas,adidas Running SOLARGLIDE 6 Shoes Men Black HP7631,"15%OFF, 10%OFF, $5 OFF",$199.00,$159.20,0,https://shopee.sg/adidas-Running-SOLARGLIDE-6-Shoes-Men-Black-HP7631-i.265436651.22822232517?sp_atk=93448187-b210-4a19-9add-d90ba1cc1ed4&xptdk=93448187-b210-4a19-9add-d90ba1cc1ed4,https://down-sg.img.susercontent.com/file/sg-11134201-7qvg2-ljwbzxqpglqd8c,04-08-2023
shopee,NIL,Adidas,adidas Running Response Super 3.0 Shoes Men Black GW1371,NA,No Price Reduction,$129.00,0,https://shopee.sg/adidas-Running-Response-Super-3.0-Shoes-Men-Black-GW1371-i.265436651.22822231956?sp_atk=cc3482d7-0cfe-4dae-903f-ad2b301f3537&xptdk=cc3482d7-0cfe-4dae-903f-ad2b301f3537,https://down-sg.img.susercontent.com/file/sg-11134201-7qvdw-ljy10iic85xafa,04-08-2023
shopee,NIL,Adidas,adidas Running Duramo 10 Shoes Men Grey HP2380,"15%OFF, 10%OFF, $5 OFF",$99.00,$79.20,0,https://shopee.sg/adidas-Running-Duramo-10-Shoes-Men-Grey-HP2380-i.265436651.22767246574?sp_atk=3af4481d-5674-4fa1-af0d-0dd019a0b500&xptdk=3af4481d-5674-4fa1-af0d-0dd019a0b500,https://down-sg.img.susercontent.com/file/sg-11134201-7qvfp-ljy0knr9ewmv12,04-08-2023
shopee,NIL,Adidas,adidas Swimming Adilette Shower Slides Unisex Grey GY1891,NA,No Price Reduction,$45.00,0,https://shopee.sg/adidas-Swimming-Adilette-Shower-Slides-Unisex-Grey-GY1891-i.265436651.22766851809?sp_atk=140583cd-b5cc-40a9-a7c0-936200f00c6b&xptdk=140583cd-b5cc-40a9-a7c0-936200f00c6b,https://down-sg.img.susercontent.com/file/sg-11134201-7qvf8-ljy0f8djbwgi66,04-08-2023
shopee,NIL,Adidas,adidas Trail Running TERREX Soulstride Flow Trail Running Shoes Men Black GX1822,NA,No Price Reduction,$179.00,0,https://shopee.sg/adidas-Trail-Running-TERREX-Soulstride-Flow-Trail-Running-Shoes-Men-Black-GX1822-i.265436651.22741866248?sp_atk=caf35b26-e6a0-42a1-a975-6ed7fa0f2a27&xptdk=caf35b26-e6a0-42a1-a975-6ed7fa0f2a27,https://down-sg.img.susercontent.com/file/sg-11134201-7qvdl-ljy0yyjo2zge2e,04-08-2023
shopee,NIL,Adidas,adidas Running Duramo 10 Shoes Men Blue HP2383,"15%OFF, 10%OFF, $5 OFF",$99.00,$79.20,0,https://shopee.sg/adidas-Running-Duramo-10-Shoes-Men-Blue-HP2383-i.265436651.22540690945?sp_atk=1152f6c6-4419-4116-9e09-fdb06732f202&xptdk=1152f6c6-4419-4116-9e09-fdb06732f202,https://down-sg.img.susercontent.com/file/sg-11134201-7qvcx-ljy0kyj5q2t3be,04-08-2023
shopee,NIL,Adidas,adidas Lifestyle Adifom SLTN Shoes Men White GZ9646,"15%OFF, 10%OFF, $5 OFF",$149.00,$119.20,0,https://shopee.sg/adidas-Lifestyle-Adifom-SLTN-Shoes-Men-White-GZ9646-i.265436651.22441355119?sp_atk=4a86194f-01f5-44dc-a92c-984d2040654a&xptdk=4a86194f-01f5-44dc-a92c-984d2040654a,https://down-sg.img.susercontent.com/file/sg-11134201-7qvdm-ljy1p46w4z5xa6,04-08-2023
shopee,NIL,Adidas,adidas Basketball Rivalry Hi Shoes Men White FZ6315,"15%OFF, 10%OFF, $5 OFF",$159.00,$111.30,0,https://shopee.sg/adidas-Basketball-Rivalry-Hi-Shoes-Men-White-FZ6315-i.265436651.22341355608?sp_atk=a08da9c6-d3cf-42f3-9fb1-f66f79ad2629&xptdk=a08da9c6-d3cf-42f3-9fb1-f66f79ad2629,https://down-sg.img.susercontent.com/file/sg-11134201-7qvg2-ljy3k3mlakg5ed,04-08-2023
shopee,NIL,Adidas,adidas Lifestyle Continental 80 Stripes Shoes Men White GX1916,"15%OFF, 10%OFF, $5 OFF",$169.00,$118.30,0,https://shopee.sg/adidas-Lifestyle-Continental-80-Stripes-Shoes-Men-White-GX1916-i.265436651.22322234021?sp_atk=e6e27ce2-ae0e-4fb4-8fd0-56818189b51c&xptdk=e6e27ce2-ae0e-4fb4-8fd0-56818189b51c,https://down-sg.img.susercontent.com/file/sg-11134201-7qvcw-ljy10is1sj3o3e,04-08-2023
shopee,NIL,Adidas,adidas Lifestyle Stan Smith Shoes Men Black FX5499,NA,No Price Reduction,$159.00,0,https://shopee.sg/adidas-Lifestyle-Stan-Smith-Shoes-Men-Black-FX5499-i.265436651.22266480992?sp_atk=f511e9bc-ff5f-4694-8e3a-87dc97268ef4&xptdk=f511e9bc-ff5f-4694-8e3a-87dc97268ef4,https://down-sg.img.susercontent.com/file/sg-11134201-7qvex-ljy0t9qvs5uffa,04-08-2023
shopee,NIL,Adidas,adidas Swimming Adilette Comfort Slides Unisex Black GY1945,NA,No Price Reduction,$55.00,0,https://shopee.sg/adidas-Swimming-Adilette-Comfort-Slides-Unisex-Black-GY1945-i.265436651.22166574002?sp_atk=4b68f015-7a1a-402c-9bdc-0d551578c235&xptdk=4b68f015-7a1a-402c-9bdc-0d551578c235,https://down-sg.img.susercontent.com/file/sg-11134201-7qvd0-ljng7ahyiru37e,04-08-2023
shopee,NIL,Adidas,adidas Lifestyle Treziod 2 Shoes Men Grey GY0043,"15%OFF, 10%OFF, $5 OFF",$159.00,$111.30,0,https://shopee.sg/adidas-Lifestyle-Treziod-2-Shoes-Men-Grey-GY0043-i.265436651.22122234207?sp_atk=c1db898f-f2bc-4a5a-b2be-5e76b7878948&xptdk=c1db898f-f2bc-4a5a-b2be-5e76b7878948,https://down-sg.img.susercontent.com/file/sg-11134201-7qvdl-ljy1u6t4uyo54a,04-08-2023
shopee,NIL,Adidas,adidas Lifestyle Adifom SLTN Shoes Men Grey GZ9644,"15%OFF, 10%OFF, $5 OFF",$149.00,$119.20,0,https://shopee.sg/adidas-Lifestyle-Adifom-SLTN-Shoes-Men-Grey-GZ9644-i.265436651.22041356830?sp_atk=d7f1504f-6ee4-4bd0-a6e7-bcbd1c195200&xptdk=d7f1504f-6ee4-4bd0-a6e7-bcbd1c195200,https://down-sg.img.susercontent.com/file/sg-11134201-7qvfr-ljy2m0fl3rucbb,04-08-2023
shopee,NIL,Adidas,adidas Lifestyle Adifom SLTN Shoes Men Green H06416,"15%OFF, 10%OFF, $5 OFF",$149.00,$104.30,0,https://shopee.sg/adidas-Lifestyle-Adifom-SLTN-Shoes-Men-Green-H06416-i.265436651.22041205452?sp_atk=08136aa5-a996-4924-99e1-71d14a169134&xptdk=08136aa5-a996-4924-99e1-71d14a169134,https://down-sg.img.susercontent.com/file/sg-11134201-7qvez-ljy018gwqj4m5e,04-08-2023
shopee,NIL,Adidas,adidas Running Questar Shoes Men Black HP2438,NA,No Price Reduction,$119.00,0,https://shopee.sg/adidas-Running-Questar-Shoes-Men-Black-HP2438-i.265436651.21872576564?sp_atk=bb17ae3c-c622-45ea-a3a6-72aba955afd0&xptdk=bb17ae3c-c622-45ea-a3a6-72aba955afd0,https://down-sg.img.susercontent.com/file/sg-11134201-7qvf9-ljy0mje0hc7e29,04-08-2023
shopee,NIL,Adidas,adidas Basketball Rivalry Low 86 Shoes Men White FZ6318,"15%OFF, 10%OFF, $5 OFF",$159.00,$111.30,0,https://shopee.sg/adidas-Basketball-Rivalry-Low-86-Shoes-Men-White-FZ6318-i.265436651.21588270168?sp_atk=8c2641a5-b6a5-4a20-8f75-caa2b6df8223&xptdk=8c2641a5-b6a5-4a20-8f75-caa2b6df8223,https://down-sg.img.susercontent.com/file/sg-11134201-7qvfh-ljy45tvajdvp72,04-08-2023
shopee,NIL,Adidas,adidas Running Questar Shoes Men Blue HP2436,"15%OFF, 10%OFF, $5 OFF",$119.00,$95.20,0,https://shopee.sg/adidas-Running-Questar-Shoes-Men-Blue-HP2436-i.265436651.21572578341?sp_atk=9f0507ba-a2ba-438d-8e7f-4c5eeca3683b&xptdk=9f0507ba-a2ba-438d-8e7f-4c5eeca3683b,https://down-sg.img.susercontent.com/file/sg-11134201-7qvep-ljy3uexzyebiec,04-08-2023
shopee,NIL,Adidas,adidas Lifestyle Swift Run 22 Shoes Men Grey GZ3502,"15%OFF, 10%OFF, $5 OFF",$130.00,$91.00,0,https://shopee.sg/adidas-Lifestyle-Swift-Run-22-Shoes-Men-Grey-GZ3502-i.265436651.21467496224?sp_atk=2da54884-aa58-42da-b4f5-7a6b97dbdd67&xptdk=2da54884-aa58-42da-b4f5-7a6b97dbdd67,https://down-sg.img.susercontent.com/file/sg-11134201-7qvfp-ljxzk3o9cck783,04-08-2023
shopee,NIL,Adidas,adidas Running Solarboost 3 Shoes Men Grey S42995,"15%OFF, 10%OFF, $5 OFF",$220.00,$154.00,0,https://shopee.sg/adidas-Running-Solarboost-3-Shoes-Men-Grey-S42995-i.265436651.21448671672?sp_atk=9a3a0c01-007c-473e-8c57-ee74c956f2d6&xptdk=9a3a0c01-007c-473e-8c57-ee74c956f2d6,https://down-sg.img.susercontent.com/file/sg-11134201-7qvg8-ljxzz5pi6hadb9,04-08-2023
shopee,NIL,Adidas,adidas Running Adistar 2.0 Shoes Men Blue GV9121,"15%OFF, 10%OFF, $5 OFF",$189.00,$151.20,0,https://shopee.sg/adidas-Running-Adistar-2.0-Shoes-Men-Blue-GV9121-i.265436651.21372577735?sp_atk=8233c145-cf6e-4b2e-b1ba-9f8b04335a69&xptdk=8233c145-cf6e-4b2e-b1ba-9f8b04335a69,https://down-sg.img.susercontent.com/file/sg-11134201-7qvdg-ljy48z4cui6v4d,04-08-2023
shopee,NIL,Adidas,adidas Basketball Forum Low Classic Shoes Men White FZ6262,"15%OFF, 10%OFF, $5 OFF",$159.00,$127.20,0,https://shopee.sg/adidas-Basketball-Forum-Low-Classic-Shoes-Men-White-FZ6262-i.265436651.21272577619?sp_atk=b3e4c0c4-9200-40c5-b4f7-0ec67d6350ea&xptdk=b3e4c0c4-9200-40c5-b4f7-0ec67d6350ea,https://down-sg.img.susercontent.com/file/sg-11134201-7qvg9-ljy3m618dap7a7,04-08-2023
shopee,NIL,Adidas,adidas Lifestyle OZNOVA Shoes Men Black GX4506,"15%OFF, 10%OFF, $5 OFF",$179.00,$125.30,0,https://shopee.sg/adidas-Lifestyle-OZNOVA-Shoes-Men-Black-GX4506-i.265436651.21179258693?sp_atk=6ecae21d-740a-48d4-ab5f-c6e390c99d53&xptdk=6ecae21d-740a-48d4-ab5f-c6e390c99d53,https://down-sg.img.susercontent.com/file/sg-11134201-7qvey-ljy1u47ms0la3a,04-08-2023
shopee,NIL,Adidas,adidas Running Pureboost 22 Shoes Men White HQ8589,"15%OFF, 10%OFF, $5 OFF",$209.00,$167.20,0,https://shopee.sg/adidas-Running-Pureboost-22-Shoes-Men-White-HQ8589-i.265436651.21172578133?sp_atk=71d137c1-db98-4a21-9f78-131f41bc904f&xptdk=71d137c1-db98-4a21-9f78-131f41bc904f,https://down-sg.img.susercontent.com/file/sg-11134201-7qvdt-ljweh057a1mfec,04-08-2023
shopee,NIL,Adidas,adidas Lifestyle Superstar x Indigo Herz Shoes Men Black IE1842,NA,No Price Reduction,$159.00,0,https://shopee.sg/adidas-Lifestyle-Superstar-x-Indigo-Herz-Shoes-Men-Black-IE1842-i.265436651.20779249963?sp_atk=0b53b1d1-a98e-4299-bf8f-4eb925037a50&xptdk=0b53b1d1-a98e-4299-bf8f-4eb925037a50,https://down-sg.img.susercontent.com/file/sg-11134201-7qvf5-ljy1haj8b4qc68,04-08-2023
shopee,NIL,Adidas,adidas Lifestyle OZNOVA Shoes Men White GX4505,"15%OFF, 10%OFF, $5 OFF",$179.00,$125.30,0,https://shopee.sg/adidas-Lifestyle-OZNOVA-Shoes-Men-White-GX4505-i.265436651.20388199425?sp_atk=3674ec0f-35bc-4a25-85a7-fc77bb5a8db7&xptdk=3674ec0f-35bc-4a25-85a7-fc77bb5a8db7,https://down-sg.img.susercontent.com/file/sg-11134201-7qvef-ljy4kkspmlyv78,04-08-2023
shopee,NIL,Adidas,adidas Basketball Forum Low CL x Indigo Herz Shoes Men White IE1855,NA,No Price Reduction,$169.00,0,https://shopee.sg/adidas-Basketball-Forum-Low-CL-x-Indigo-Herz-Shoes-Men-White-IE1855-i.265436651.20088204628?sp_atk=eed65b4c-a744-4415-9347-c317b40a5480&xptdk=eed65b4c-a744-4415-9347-c317b40a5480,https://down-sg.img.susercontent.com/file/sg-11134201-7qvd7-ljy3eg2h7s3pa9,04-08-2023
shopee,NIL,Adidas,adidas Lifestyle Retropy F2 Shoes Men White GW5473,NA,No Price Reduction,$139.00,0,https://shopee.sg/adidas-Lifestyle-Retropy-F2-Shoes-Men-White-GW5473-i.265436651.20079260261?sp_atk=10bd09bb-60f3-4632-8722-7bf45a3c9756&xptdk=10bd09bb-60f3-4632-8722-7bf45a3c9756,https://down-sg.img.susercontent.com/file/sg-11134201-7qvd6-ljy0lod7u8zif1,04-08-2023
shopee,NIL,Adidas,adidas Running Supernova 2 Running Shoes Men White GW9089,"15%OFF, 10%OFF, $5 OFF",$159.00,$111.30,0,https://shopee.sg/adidas-Running-Supernova-2-Running-Shoes-Men-White-GW9089-i.265436651.20008042747?sp_atk=b7ff14e0-1d05-4605-8fb1-692f5af3070b&xptdk=b7ff14e0-1d05-4605-8fb1-692f5af3070b,https://down-sg.img.susercontent.com/file/sg-11134201-7qven-ljy3m4tya96t79,04-08-2023
shopee,NIL,Adidas,adidas Running Response Super 3.0 Shoes Men Black HP5933,"15%OFF, 10%OFF, $5 OFF",$129.00,$103.20,0,https://shopee.sg/adidas-Running-Response-Super-3.0-Shoes-Men-Black-HP5933-i.265436651.19972578566?sp_atk=0e26f4a2-5c62-4e59-9d1a-6d6b922cb0ba&xptdk=0e26f4a2-5c62-4e59-9d1a-6d6b922cb0ba,https://down-sg.img.susercontent.com/file/sg-11134201-7qvfd-ljy5h0zg378634,04-08-2023
shopee,NIL,Adidas,adidas Running Ultrabounce Shoes Men Grey HP5776,NA,No Price Reduction,$119.00,0,https://shopee.sg/adidas-Running-Ultrabounce-Shoes-Men-Grey-HP5776-i.265436651.19688135360?sp_atk=e410fc34-4e91-4358-9b70-e2d35bf584a6&xptdk=e410fc34-4e91-4358-9b70-e2d35bf584a6,https://down-sg.img.susercontent.com/file/sg-11134201-7qvfn-ljy5cv63bpcadb,04-08-2023
shopee,NIL,Adidas,adidas Running Response Super 3.0 Shoes Men White GW1379,NA,No Price Reduction,$129.00,0,https://shopee.sg/adidas-Running-Response-Super-3.0-Shoes-Men-White-GW1379-i.265436651.19572579306?sp_atk=7c7fcc25-d89a-4bd4-ac4f-35a03e3de7be&xptdk=7c7fcc25-d89a-4bd4-ac4f-35a03e3de7be,https://down-sg.img.susercontent.com/file/sg-11134201-7qvek-ljy4aa107d1342,04-08-2023
shopee,NIL,Adidas,adidas Lifestyle Superstar Shoes Men Black FZ6475,"15%OFF, 10%OFF, $5 OFF",$179.00,$125.30,0,https://shopee.sg/adidas-Lifestyle-Superstar-Shoes-Men-Black-FZ6475-i.265436651.19079366017?sp_atk=cc4a4109-c140-4671-a92b-b363a9607008&xptdk=cc4a4109-c140-4671-a92b-b363a9607008,https://down-sg.img.susercontent.com/file/sg-11134201-7qvdc-ljy4m6gz6txmbc,04-08-2023
shopee,NIL,Adidas,adidas Swimming Adilette Comfort Slides Unisex Black GW9647,NA,No Price Reduction,$59.00,0,https://shopee.sg/adidas-Swimming-Adilette-Comfort-Slides-Unisex-Black-GW9647-i.265436651.18972579844?sp_atk=29dc8758-cd24-45d9-82da-2d59638e1793&xptdk=29dc8758-cd24-45d9-82da-2d59638e1793,https://down-sg.img.susercontent.com/file/sg-11134201-7qved-ljy3msuj0u7y37,04-08-2023
shopee,NIL,Adidas,adidas Lifestyle Retropy F90 Shoes Men Grey HP6368,"15%OFF, 10%OFF, $5 OFF",$149.00,$104.30,0,https://shopee.sg/adidas-Lifestyle-Retropy-F90-Shoes-Men-Grey-HP6368-i.265436651.18888323815?sp_atk=869a4183-8ba9-411a-b254-d86519be1b34&xptdk=869a4183-8ba9-411a-b254-d86519be1b34,https://down-sg.img.susercontent.com/file/sg-11134201-7qvev-ljm6j3uuuvbm46,04-08-2023
shopee,NIL,Adidas,adidas Running Alphabounce+ Sustainable Bounce Shoes Men Black HP6144,NA,No Price Reduction,$129.00,0,https://shopee.sg/adidas-Running-Alphabounce-Sustainable-Bounce-Shoes-Men-Black-HP6144-i.265436651.18688252707?sp_atk=f6f4a0a8-58e2-4249-907b-aeb02bc7068b&xptdk=f6f4a0a8-58e2-4249-907b-aeb02bc7068b,https://down-sg.img.susercontent.com/file/sg-11134201-7qvel-ljy1rfuhr95ea1,04-08-2023
shopee,NIL,Adidas,adidas Running Supernova 2.0 Shoes Men Blue HQ9938,"15%OFF, 10%OFF, $5 OFF",$159.00,$111.30,0,https://shopee.sg/adidas-Running-Supernova-2.0-Shoes-Men-Blue-HQ9938-i.265436651.18672580234?sp_atk=e99d0cb1-e1c2-48cb-afff-778672aac8d0&xptdk=e99d0cb1-e1c2-48cb-afff-778672aac8d0,https://down-sg.img.susercontent.com/file/sg-11134201-7qvdx-ljy57333v9zq9b,04-08-2023
shopee,NIL,Adidas,adidas Lifestyle Nizza Shoes Men Green HQ6763,"15%OFF, 10%OFF, $5 OFF",No Price Reduction,$99.00,0,https://shopee.sg/adidas-Lifestyle-Nizza-Shoes-Men-Green-HQ6763-i.265436651.18488374924?sp_atk=77985f2d-e0e6-46a0-afb8-253d3b85d260&xptdk=77985f2d-e0e6-46a0-afb8-253d3b85d260,https://down-sg.img.susercontent.com/file/sg-11134201-7qvdf-ljy0mr86z0k78e,04-08-2023
shopee,NIL,Adidas,adidas Running SOLARGLIDE 6 Shoes Men Black HP7611,NA,No Price Reduction,$199.00,0,https://shopee.sg/adidas-Running-SOLARGLIDE-6-Shoes-Men-Black-HP7611-i.265436651.18472580143?sp_atk=1dd2770e-0b45-4038-af62-34b06f125292&xptdk=1dd2770e-0b45-4038-af62-34b06f125292,https://down-sg.img.susercontent.com/file/sg-11134201-7qvcv-ljy21f65uoe6c9,04-08-2023
shopee,NIL,Adidas,adidas Running Pureboost 22 Shoes Men Grey HQ1451,"15%OFF, 10%OFF, $5 OFF",$209.00,$167.20,0,https://shopee.sg/adidas-Running-Pureboost-22-Shoes-Men-Grey-HQ1451-i.265436651.18472580112?sp_atk=c159da51-352f-4757-9653-76328dc5c99d&xptdk=c159da51-352f-4757-9653-76328dc5c99d,https://down-sg.img.susercontent.com/file/sg-11134201-7qvdj-ljy12sfsal6f5b,04-08-2023
shopee,NIL,Adidas,adidas Lifestyle Retropy E5 Shoes Men Grey H03076,NA,No Price Reduction,$180.00,0,https://shopee.sg/adidas-Lifestyle-Retropy-E5-Shoes-Men-Grey-H03076-i.265436651.18351622017?sp_atk=04df89be-0921-40e4-a0b1-f867e280fe68&xptdk=04df89be-0921-40e4-a0b1-f867e280fe68,https://down-sg.img.susercontent.com/file/sg-11134201-7qvg2-ljy1yirmmtca36,04-08-2023
shopee,NIL,Adidas,adidas Running Solarboost 3 Shoes Men Blue S42993,"15%OFF, 10%OFF, $5 OFF",$220.00,$154.00,0,https://shopee.sg/adidas-Running-Solarboost-3-Shoes-Men-Blue-S42993-i.265436651.18348032592?sp_atk=008bf763-fc45-4002-a15b-283d2498e913&xptdk=008bf763-fc45-4002-a15b-283d2498e913,https://down-sg.img.susercontent.com/file/sg-11134201-7qvea-ljy274e7kkgnb3,04-08-2023
shopee,NIL,Adidas,adidas Running EQ21 Run Shoes Men Blue H00513,"15%OFF, 10%OFF, $5 OFF",$119.00,$83.30,0,https://shopee.sg/adidas-Running-EQ21-Run-Shoes-Men-Blue-H00513-i.265436651.18248032956?sp_atk=74f3c2e6-7089-4a85-a8ea-b47554a7e63b&xptdk=74f3c2e6-7089-4a85-a8ea-b47554a7e63b,https://down-sg.img.susercontent.com/file/sg-11134201-7qvf2-ljy1kmu67xij51,04-08-2023
shopee,NIL,Adidas,adidas Running Racer TR21 Shoes Men Grey GX0648,"15%OFF, 10%OFF, $5 OFF",No Price Reduction,$119.00,0,https://shopee.sg/adidas-Running-Racer-TR21-Shoes-Men-Grey-GX0648-i.265436651.18088387120?sp_atk=88f0c0b8-7891-40dd-8300-161d5b0cff14&xptdk=88f0c0b8-7891-40dd-8300-161d5b0cff14,https://down-sg.img.susercontent.com/file/sg-11134201-7qvd0-ljy1xorgjj7if1,04-08-2023
shopee,NIL,Adidas,adidas Lifestyle Adilette Slides Men White HQ9928,"15%OFF, 10%OFF, $5 OFF",$89.00,$62.30,0,https://shopee.sg/adidas-Lifestyle-Adilette-Slides-Men-White-HQ9928-i.265436651.18088255875?sp_atk=546385bb-6d52-4ea0-96ab-8b1799396521&xptdk=546385bb-6d52-4ea0-96ab-8b1799396521,https://down-sg.img.susercontent.com/file/sg-11134201-7qvdx-ljy57abn8luf39,04-08-2023
shopee,NIL,Adidas,adidas Basketball Forum Low Classic Shoes Men White ID6858,NA,No Price Reduction,$159.00,0,https://shopee.sg/adidas-Basketball-Forum-Low-Classic-Shoes-Men-White-ID6858-i.265436651.18072580238?sp_atk=e4d451fd-0c36-4bba-bfcc-51e1eed97210&xptdk=e4d451fd-0c36-4bba-bfcc-51e1eed97210,https://down-sg.img.susercontent.com/file/sg-11134201-7qvfg-ljy2278ev3va98,04-08-2023
shopee,NIL,Adidas,adidas Swimming Adilette Shower Slides Unisex White GZ3775,NA,No Price Reduction,$45.00,0,https://shopee.sg/adidas-Swimming-Adilette-Shower-Slides-Unisex-White-GZ3775-i.265436651.16792502249?sp_atk=cbe98dfe-dce9-4389-a61a-4da2b534cef2&xptdk=cbe98dfe-dce9-4389-a61a-4da2b534cef2,https://down-sg.img.susercontent.com/file/sg-11134201-7qvel-ljy28ztgwjre71,04-08-2023
shopee,NIL,Adidas,adidas Lifestyle Stan Smith Shoes Men White GY5695,NA,No Price Reduction,$159.00,0,https://shopee.sg/adidas-Lifestyle-Stan-Smith-Shoes-Men-White-GY5695-i.265436651.16011015868?sp_atk=b4fb7d39-633c-46df-8f4c-4c33be8d5983&xptdk=b4fb7d39-633c-46df-8f4c-4c33be8d5983,https://down-sg.img.susercontent.com/file/sg-11134201-7qvfz-ljy4mf2mn4bbab,04-08-2023
shopee,NIL,Adidas,adidas Swimming Adilette Comfort Slides Unisex White GZ5893,NA,No Price Reduction,$59.00,0,https://shopee.sg/adidas-Swimming-Adilette-Comfort-Slides-Unisex-White-GZ5893-i.265436651.15300096702?sp_atk=3643a445-21f9-4194-8c96-4fa840c7f605&xptdk=3643a445-21f9-4194-8c96-4fa840c7f605,https://down-sg.img.susercontent.com/file/sg-11134201-7qvf1-ljy0xfpscwluc9,04-08-2023
shopee,NIL,Adidas,adidas Running Questar Shoes Men Grey HP2434,"15%OFF, 10%OFF, $5 OFF",$119.00,$95.20,0,https://shopee.sg/adidas-Running-Questar-Shoes-Men-Grey-HP2434-i.265436651.14596323807?sp_atk=5c4c9f7b-20ee-4a41-970c-26c5e8a35cc3&xptdk=5c4c9f7b-20ee-4a41-970c-26c5e8a35cc3,https://down-sg.img.susercontent.com/file/sg-11134201-7qvdt-ljy0h0ibhad31d,04-08-2023
shopee,NIL,Adidas,adidas Swimming Adilette Shower Slides Unisex Blue GZ5920,NA,No Price Reduction,$45.00,0,https://shopee.sg/adidas-Swimming-Adilette-Shower-Slides-Unisex-Blue-GZ5920-i.265436651.14500047848?sp_atk=3cf5f004-cea4-415e-ae5b-ad332e8cc8a3&xptdk=3cf5f004-cea4-415e-ae5b-ad332e8cc8a3,https://down-sg.img.susercontent.com/file/sg-11134201-7qvey-ljy1t191r4e689,04-08-2023
shopee,NIL,Adidas,adidas Running Racer TR21 Shoes Men Grey GX0903,"15%OFF, 10%OFF, $5 OFF",$119.00,$83.30,0,https://shopee.sg/adidas-Running-Racer-TR21-Shoes-Men-Grey-GX0903-i.265436651.14396324757?sp_atk=0e9470ed-428c-499b-bbf3-0ec5e5f8c3ba&xptdk=0e9470ed-428c-499b-bbf3-0ec5e5f8c3ba,https://down-sg.img.susercontent.com/file/sg-11134201-7qvea-ljy49ojpmznp6f,04-08-2023
shopee,NIL,Adidas,adidas Lifestyle Adifom SLTN Shoes Men White HP6481,"15%OFF, 10%OFF, $5 OFF",$149.00,$104.30,0,https://shopee.sg/adidas-Lifestyle-Adifom-SLTN-Shoes-Men-White-HP6481-i.265436651.14297386030?sp_atk=6a43406f-9914-4532-994c-d15d35ac42c9&xptdk=6a43406f-9914-4532-994c-d15d35ac42c9,https://down-sg.img.susercontent.com/file/sg-11134201-7qvep-ljy4aip5ikx72f,04-08-2023
shopee,NIL,Adidas,adidas Lifestyle Adimatic Shoes Men Blue HQ6907,"15%OFF, 10%OFF, $5 OFF",$159.00,$127.20,0,https://shopee.sg/adidas-Lifestyle-Adimatic-Shoes-Men-Blue-HQ6907-i.265436651.14197396016?sp_atk=dc819d74-013f-4fa9-821f-31c5fee948f7&xptdk=dc819d74-013f-4fa9-821f-31c5fee948f7,https://down-sg.img.susercontent.com/file/sg-11134201-7qvda-ljy1dmbbra7f81,04-08-2023
shopee,NIL,Adidas,adidas Lifestyle Ozelia Shoes Men Black H04250,"15%OFF, 10%OFF, $5 OFF",$159.00,$111.30,0,https://shopee.sg/adidas-Lifestyle-Ozelia-Shoes-Men-Black-H04250-i.265436651.13813924353?sp_atk=d42e7bdd-7a32-4bb7-8c8e-11531b302bbe&xptdk=d42e7bdd-7a32-4bb7-8c8e-11531b302bbe,https://down-sg.img.susercontent.com/file/sg-11134201-7qvdu-ljxzltnwqtj2b9,04-08-2023
shopee,NIL,Adidas,adidas Swimming Adilette Boost Slides Unisex Grey GX4285,NA,No Price Reduction,$90.00,0,https://shopee.sg/adidas-Swimming-Adilette-Boost-Slides-Unisex-Grey-GX4285-i.265436651.13798183664?sp_atk=b05d1641-db04-403a-90a9-f40be50a0214&xptdk=b05d1641-db04-403a-90a9-f40be50a0214,https://down-sg.img.susercontent.com/file/sg-11134201-7qvg4-ljy0yiq19yiyd4,04-08-2023
shopee,NIL,Adidas,adidas Lifestyle Nizza RF 74 Shoes Men Black GX8485,"15%OFF, 10%OFF, $5 OFF",$139.00,$97.30,0,https://shopee.sg/adidas-Lifestyle-Nizza-RF-74-Shoes-Men-Black-GX8485-i.265436651.12599422035?sp_atk=1f38a3cf-1860-4690-94ce-fb6dc6c9d928&xptdk=1f38a3cf-1860-4690-94ce-fb6dc6c9d928,https://down-sg.img.susercontent.com/file/sg-11134201-7qvex-ljy1113b2lg2cc,04-08-2023
shopee,NIL,Adidas,adidas Lifestyle Treziod 2.0 Shoes Men Black GY0051,NA,No Price Reduction,$159.00,0,https://shopee.sg/adidas-Lifestyle-Treziod-2.0-Shoes-Men-Black-GY0051-i.265436651.12298233178?sp_atk=1fbe8631-29fa-4242-87e3-24b8496b8011&xptdk=1fbe8631-29fa-4242-87e3-24b8496b8011,https://down-sg.img.susercontent.com/file/sg-11134201-7qve3-ljy24ywaz8vrbe,04-08-2023
shopee,NIL,Adidas,adidas Swimming Adilette Comfort Slides Unisex Black GV9736,NA,No Price Reduction,$55.00,0,https://shopee.sg/adidas-Swimming-Adilette-Comfort-Slides-Unisex-Black-GV9736-i.265436651.12251615879?sp_atk=f7c48358-3598-4e64-9279-95661040d6aa&xptdk=f7c48358-3598-4e64-9279-95661040d6aa,https://down-sg.img.susercontent.com/file/sg-11134201-7qvf9-ljy0z3vo9ziq4b,04-08-2023
shopee,NIL,Adidas,adidas Basketball Forum Mid Shoes Men White FY4975,NA,No Price Reduction,$179.00,0,https://shopee.sg/adidas-Basketball-Forum-Mid-Shoes-Men-White-FY4975-i.265436651.11983782684?sp_atk=e16cb375-c264-41ee-981b-a8d5a915b5cb&xptdk=e16cb375-c264-41ee-981b-a8d5a915b5cb,https://down-sg.img.susercontent.com/file/sg-11134201-7qveq-ljy2h7doci8m76,04-08-2023
shopee,NIL,Adidas,adidas Lifestyle Advantage Shoes Men White GZ5299,NA,No Price Reduction,$99.00,0,https://shopee.sg/adidas-Lifestyle-Advantage-Shoes-Men-White-GZ5299-i.265436651.11815246966?sp_atk=c2689a3c-320f-45b6-9913-46d7c845ea4e&xptdk=c2689a3c-320f-45b6-9913-46d7c845ea4e,https://down-sg.img.susercontent.com/file/sg-11134201-7qvco-ljy16h91z75q48,04-08-2023
shopee,NIL,Adidas,adidas Swimming Adilette Shower Slides Unisex White GZ5921,NA,No Price Reduction,$40.00,0,https://shopee.sg/adidas-Swimming-Adilette-Shower-Slides-Unisex-White-GZ5921-i.265436651.11683782694?sp_atk=f1291938-09cd-4a42-ab1c-5be644d726ac&xptdk=f1291938-09cd-4a42-ab1c-5be644d726ac,https://down-sg.img.susercontent.com/file/sg-11134201-7qvg8-ljy01w643dhh6b,04-08-2023
shopee,NIL,Adidas,adidas Lifestyle Retropy F90 Shoes Men Black HP2200,NA,No Price Reduction,$149.00,0,https://shopee.sg/adidas-Lifestyle-Retropy-F90-Shoes-Men-Black-HP2200-i.265436651.11599707869?sp_atk=4a7d7de0-21a8-4647-a379-b32343cdb8ec&xptdk=4a7d7de0-21a8-4647-a379-b32343cdb8ec,https://down-sg.img.susercontent.com/file/sg-11134201-7qve7-ljy5h6i40glu56,04-08-2023
shopee,NIL,Adidas,adidas Golf ZG21 Motion Primegreen BOA Mid Golf Shoes Men Black H68592,"15%OFF, 10%OFF, $5 OFF",No Price Reduction,$320.00,0,https://shopee.sg/adidas-Golf-ZG21-Motion-Primegreen-BOA-Mid-Golf-Shoes-Men-Black-H68592-i.265436651.11596213720?sp_atk=2ac29af9-7c91-4e8c-9872-6101182190a1&xptdk=2ac29af9-7c91-4e8c-9872-6101182190a1,https://down-sg.img.susercontent.com/file/sg-11134201-7qvdv-ljy3k2n2p4b64d,04-08-2023
shopee,NIL,Adidas,adidas Basketball Forum Low Shoes Men White FY7756,NA,No Price Reduction,$159.00,0,https://shopee.sg/adidas-Basketball-Forum-Low-Shoes-Men-White-FY7756-i.265436651.8284080954?sp_atk=1499e7dd-ba73-455a-b8b5-0662aa306bb6&xptdk=1499e7dd-ba73-455a-b8b5-0662aa306bb6,https://down-sg.img.susercontent.com/file/sg-11134201-7qve3-ljxzlj3s5nv604,04-08-2023
shopee,NIL,Adidas,adidas Lifestyle Advantage Shoes Men White GZ5300,NA,No Price Reduction,$99.00,0,https://shopee.sg/adidas-Lifestyle-Advantage-Shoes-Men-White-GZ5300-i.265436651.7596047903?sp_atk=10b5a83d-8718-4374-b03e-84e3323e20a6&xptdk=10b5a83d-8718-4374-b03e-84e3323e20a6,https://down-sg.img.susercontent.com/file/sg-11134201-7qvcp-ljxzrqa1hpaub5,04-08-2023
shopee,NIL,Adidas,adidas Lifestyle Adilette Lite Slides Unisex Red FU8296,NA,No Price Reduction,$59.00,0,https://shopee.sg/adidas-Lifestyle-Adilette-Lite-Slides-Unisex-Red-FU8296-i.265436651.7496001386?sp_atk=148ce421-800f-4b97-b061-7c3e870687db&xptdk=148ce421-800f-4b97-b061-7c3e870687db,https://down-sg.img.susercontent.com/file/sg-11134201-7qvg3-ljy0q3iaztfb6d,04-08-2023
shopee,NIL,Adidas,adidas Swimming Adilette Boost Slides Unisex Black FY8154,NA,No Price Reduction,$89.00,0,https://shopee.sg/adidas-Swimming-Adilette-Boost-Slides-Unisex-Black-FY8154-i.265436651.6596002211?sp_atk=305c1930-4d93-44c0-ae9d-8868e89eca65&xptdk=305c1930-4d93-44c0-ae9d-8868e89eca65,https://down-sg.img.susercontent.com/file/sg-11134201-7qve4-ljxzhhwwjrrqc1,04-08-2023
shopee,NIL,Adidas,adidas Swimming Adilette Aqua Slides Unisex White F35539,NA,No Price Reduction,$40.00,0,https://shopee.sg/adidas-Swimming-Adilette-Aqua-Slides-Unisex-White-F35539-i.265436651.3796035171?sp_atk=18bccff6-b5b7-4e2c-9d94-24f0ec072134&xptdk=18bccff6-b5b7-4e2c-9d94-24f0ec072134,https://down-sg.img.susercontent.com/file/sg-11134201-7qvd6-ljy3vbb2k1na52,04-08-2023
