NIL,Skechers,"Skechers Online Exclusive Men Foamies GOwalk 5 Astonished Walking Shoes - 243002-NVRD - Sneakers, Casual","50%OFF, 50%OFF, 20%OFF, 10%OFF, 10%Coins Cashback",No Price Reduction,$89.00,47,https://shopee.sg/Skechers-Online-Exclusive-Men-Foamies-GOwalk-5-Astonished-Walking-Shoes-243002-NVRD-Sneakers-Casual-i.84710867.10222241411?sp_atk=c0bef550-48ec-46ae-9535-feb0faea356d&xptdk=c0bef550-48ec-46ae-9535-feb0faea356d,https://down-sg.img.susercontent.com/file/sg-11134201-7qvdq-ljxogtzbkutm47,03-08-2023
NIL,Skechers,"Skechers Online Exclusive Men Work Cessnock Slip Resistant Lival Work Shoes - 200063-BLK - Memory Foam, Sneakers, Casual","50%OFF, 40%OFF, 20%OFF, 10%OFF, 10%Coins Cashback",No Price Reduction,$129.00,36,https://shopee.sg/Skechers-Online-Exclusive-Men-Work-Cessnock-Slip-Resistant-Lival-Work-Shoes-200063-BLK-Memory-Foam-Sneakers-Casual-i.84710867.13175793004?sp_atk=fb29a84d-4cd6-4bc8-891c-ecd722f874c9&xptdk=fb29a84d-4cd6-4bc8-891c-ecd722f874c9,https://down-sg.img.susercontent.com/file/sg-11134201-7qvfb-ljxog6y97atz57,03-08-2023
NIL,Skechers,Skechers Men Sport D'Lux Fitness Perfect Timing walking Shoes - 232359-BKW Air-Cooled Memory Foam Relaxed Fit,"50%OFF, 50%OFF, 20%OFF, 10%OFF, 10%Coins Cashback",No Price Reduction,$129.00,30,https://shopee.sg/Skechers-Men-Sport-D'Lux-Fitness-Perfect-Timing-walking-Shoes-232359-BKW-Air-Cooled-Memory-Foam-Relaxed-Fit-i.84710867.11397650837?sp_atk=29d41ef5-2427-4c5e-92fb-68cc939cf590&xptdk=29d41ef5-2427-4c5e-92fb-68cc939cf590,https://down-sg.img.susercontent.com/file/sg-11134201-7qvfa-ljxogo327h6cb7,03-08-2023
NIL,Skechers,"Skechers Online Exclusive Men Foamies GOwalk 5 Astonished Walking Shoes - 243002-CCOR - Sneakers, Casual","50%OFF, 50%OFF, 20%OFF, 10%OFF, 10%Coins Cashback",No Price Reduction,$89.00,27,https://shopee.sg/Skechers-Online-Exclusive-Men-Foamies-GOwalk-5-Astonished-Walking-Shoes-243002-CCOR-Sneakers-Casual-i.84710867.15895734762?sp_atk=8bd4f635-f895-413c-8209-44a16a65d399&xptdk=8bd4f635-f895-413c-8209-44a16a65d399,https://down-sg.img.susercontent.com/file/sg-11134201-7qvet-ljxofepcjehea4,03-08-2023
NIL,Skechers,Skechers Online Exclusive Men Sport Summits Torre walking Shoes - 232395-BKCC Memory Foam Machine Washable,"50%OFF, 50%OFF, 20%OFF, 10%OFF, 10%Coins Cashback",No Price Reduction,$109.00,22,https://shopee.sg/Skechers-Online-Exclusive-Men-Sport-Summits-Torre-walking-Shoes-232395-BKCC-Memory-Foam-Machine-Washable-i.84710867.16190690744?sp_atk=b39e899c-999a-4b75-83e4-67c05e03e877&xptdk=b39e899c-999a-4b75-83e4-67c05e03e877,https://down-sg.img.susercontent.com/file/sg-11134201-7qvcx-ljxof40s7l92ed,03-08-2023
NIL,Skechers,"Skechers Men GOrun Persistence Running Shoes - 246053-BLYL Arch Fit, Carbon Infused, Goodyear Rubber, Ultra Flight Foam","50%OFF, 50%OFF, 20%OFF, 10%OFF, 10%Coins Cashback",No Price Reduction,$149.00,17,https://shopee.sg/Skechers-Men-GOrun-Persistence-Running-Shoes-246053-BLYL-Arch-Fit-Carbon-Infused-Goodyear-Rubber-Ultra-Flight-Foam-i.84710867.10897650831?sp_atk=4dd071f5-ee57-4361-9add-c80bd638a192&xptdk=4dd071f5-ee57-4361-9add-c80bd638a192,https://down-sg.img.susercontent.com/file/sg-11134201-7qvdf-ljxogq0zd66vb7,03-08-2023
NIL,Skechers,"Skechers Online Exclusive Men Work Riverbound Slip Resistant Work Shoes - 200092-BLK Arch Fit, Mossy Oak, Slip Resistant","50%OFF, 50%OFF, 20%OFF, 10%OFF, 10%Coins Cashback",No Price Reduction,$99.00,15,https://shopee.sg/Skechers-Online-Exclusive-Men-Work-Riverbound-Slip-Resistant-Work-Shoes-200092-BLK-Arch-Fit-Mossy-Oak-Slip-Resistant-i.84710867.18527817386?sp_atk=444159e6-02b8-4311-b5e6-b420c4d88cee&xptdk=444159e6-02b8-4311-b5e6-b420c4d88cee,https://down-sg.img.susercontent.com/file/sg-11134201-7qvcz-ljxodm3n2sjucd,03-08-2023
NIL,Skechers,Skechers Online Exclusive Men Sport Glide-Step Sport walking Shoes - 232269-BKMT Air-Cooled Memory Foam Machine Washable,"50%OFF, 40%OFF, 20%OFF, 10%OFF, 10%Coins Cashback",No Price Reduction,$109.00,15,https://shopee.sg/Skechers-Online-Exclusive-Men-Sport-Glide-Step-Sport-walking-Shoes-232269-BKMT-Air-Cooled-Memory-Foam-Machine-Washable-i.84710867.19876539674?sp_atk=a4bbc569-0291-45dd-8259-10c52519cc47&xptdk=a4bbc569-0291-45dd-8259-10c52519cc47,https://down-sg.img.susercontent.com/file/sg-11134201-7qver-ljxoca8v3v9m93,03-08-2023
NIL,Skechers,Skechers Online Exclusive Men Sport Arch Fit Infinity Cool walking Shoes - 232303-BLK Arch Fit,"50%OFF, 50%OFF, 20%OFF, 10%OFF, 10%Coins Cashback",No Price Reduction,$129.00,13,https://shopee.sg/Skechers-Online-Exclusive-Men-Sport-Arch-Fit-Infinity-Cool-walking-Shoes-232303-BLK-Arch-Fit-i.84710867.18019615950?sp_atk=e24d0cfb-fd0f-4161-9901-b4dcfac12b06&xptdk=e24d0cfb-fd0f-4161-9901-b4dcfac12b06,https://down-sg.img.susercontent.com/file/sg-11134201-7qvf0-ljxody8nbazvc0,03-08-2023
NIL,Skechers,Skechers Online Exclusive Men Sport Summits Torre walking Shoes - 232395-RDBK Memory Foam Machine Washable,"50%OFF, 50%OFF, 20%OFF, 10%OFF, 10%Coins Cashback",No Price Reduction,$109.00,11,https://shopee.sg/Skechers-Online-Exclusive-Men-Sport-Summits-Torre-walking-Shoes-232395-RDBK-Memory-Foam-Machine-Washable-i.84710867.22308384141?sp_atk=38c3216b-daf7-406a-84fc-25ce689ab615&xptdk=38c3216b-daf7-406a-84fc-25ce689ab615,https://down-sg.img.susercontent.com/file/sg-11134201-7qveu-ljxo9nr5f9qi76,03-08-2023
NIL,Skechers,Skechers Online Exclusive Men Max Cushioning Delta Shoes - 220340-NVMT Air-Cooled Goga Mat,"50%OFF, 50%OFF, 20%OFF, 10%OFF, 10%Coins Cashback",No Price Reduction,$149.00,10,https://shopee.sg/Skechers-Online-Exclusive-Men-Max-Cushioning-Delta-Shoes-220340-NVMT-Air-Cooled-Goga-Mat-i.84710867.21058442610?sp_atk=8ad2f999-66fb-4b1a-a9b4-d8e61a67ae63&xptdk=8ad2f999-66fb-4b1a-a9b4-d8e61a67ae63,https://down-sg.img.susercontent.com/file/sg-11134201-7qvfo-ljxob48ylrqv96,03-08-2023
NIL,Skechers,Skechers Men Foamies GOwalk 5 Key Choice Walking Shoes - 243032-BBK Anti-Odor,"$15 OFF, 20%OFF, 10%OFF, 10%Coins Cashback",No Price Reduction,$69.00,9,https://shopee.sg/Skechers-Men-Foamies-GOwalk-5-Key-Choice-Walking-Shoes-243032-BBK-Anti-Odor-i.84710867.23939654922?sp_atk=b6226b07-3862-4719-8e8a-0b7cfdce281f&xptdk=b6226b07-3862-4719-8e8a-0b7cfdce281f,https://down-sg.img.susercontent.com/file/sg-11134201-7qvcw-ljxo7h1yjwl3a1,03-08-2023
NIL,Skechers,Skechers Online Exclusive Men Sport Glide-Step Sport walking Shoes - 232269-NVOR Air-Cooled Memory Foam Machine Washable,"50%OFF, 40%OFF, 20%OFF, 10%OFF, 10%Coins Cashback",No Price Reduction,$109.00,9,https://shopee.sg/Skechers-Online-Exclusive-Men-Sport-Glide-Step-Sport-walking-Shoes-232269-NVOR-Air-Cooled-Memory-Foam-Machine-Washable-i.84710867.17193664823?sp_atk=e679f1f6-08a5-4969-9022-064daba47c2d&xptdk=e679f1f6-08a5-4969-9022-064daba47c2d,https://down-sg.img.susercontent.com/file/sg-11134201-7qvd9-ljxoed1dp3pm22,03-08-2023
NIL,Skechers,Skechers Online Exclusive Men GOrun Persistence Shoes - 246053-CCBL,"50%OFF, 50%OFF, 20%OFF, 10%OFF, 10%Coins Cashback",No Price Reduction,$149.00,9,https://shopee.sg/Skechers-Online-Exclusive-Men-GOrun-Persistence-Shoes-246053-CCBL-i.84710867.20037579832?sp_atk=27c90b07-faff-40d5-a47b-ddbd73ed460a&xptdk=27c90b07-faff-40d5-a47b-ddbd73ed460a,https://down-sg.img.susercontent.com/file/sg-11134201-7qvfc-ljxoc4un042fa9,03-08-2023
NIL,Skechers,"Skechers Men SKECHERS USA Proven Suttner Shoes - 204785-TPE Air-Cooled Memory Foam Charcoal MF, Classic Fit","20%OFF, 20%OFF, 10%OFF, 10%Coins Cashback",No Price Reduction,$109.00,8,https://shopee.sg/Skechers-Men-SKECHERS-USA-Proven-Suttner-Shoes-204785-TPE-Air-Cooled-Memory-Foam-Charcoal-MF-Classic-Fit-i.84710867.23767638851?sp_atk=4bdc3222-852e-4050-87bf-a448e3f335d4&xptdk=4bdc3222-852e-4050-87bf-a448e3f335d4,https://down-sg.img.susercontent.com/file/sg-11134201-7qvdz-ljxo7uzm5s7m83,03-08-2023
NIL,Skechers,Skechers Men Sport D'Lux Fitness Roam Free walking Shoes - 232358-TPE Air-Cooled Memory Foam Machine Washable,"50%OFF, 50%OFF, 20%OFF, 10%OFF, 10%Coins Cashback",No Price Reduction,$129.00,8,https://shopee.sg/Skechers-Men-Sport-D'Lux-Fitness-Roam-Free-walking-Shoes-232358-TPE-Air-Cooled-Memory-Foam-Machine-Washable-i.84710867.21309573790?sp_atk=2a7725f4-eeb5-4914-9b0b-a0bcd5bcd678&xptdk=2a7725f4-eeb5-4914-9b0b-a0bcd5bcd678,https://down-sg.img.susercontent.com/file/sg-11134201-7qvfr-ljxoavuiwcud34,03-08-2023
NIL,Skechers,Skechers Online Exclusive Men Max Cushioning Hyper Craze Bounce Shoes - 220691-BLK Air-Cooled Goga Mat,"50%OFF, 50%OFF, 20%OFF, 10%OFF, 10%Coins Cashback",No Price Reduction,$179.00,8,https://shopee.sg/Skechers-Online-Exclusive-Men-Max-Cushioning-Hyper-Craze-Bounce-Shoes-220691-BLK-Air-Cooled-Goga-Mat-i.84710867.20338937093?sp_atk=ff41f68a-8341-446b-bfed-544600f6bacf&xptdk=ff41f68a-8341-446b-bfed-544600f6bacf,https://down-sg.img.susercontent.com/file/sg-11134201-7qvd5-ljxobqyxh05a47,03-08-2023
NIL,Skechers,Skechers Online Exclusive Men Sport Mira Rylight walking Shoes - 232219-WMLT Air-Cooled Memory Foam,"50%OFF, 50%OFF, 20%OFF, 10%OFF, 10%Coins Cashback",No Price Reduction,$109.00,8,https://shopee.sg/Skechers-Online-Exclusive-Men-Sport-Mira-Rylight-walking-Shoes-232219-WMLT-Air-Cooled-Memory-Foam-i.84710867.22308384147?sp_atk=169f94bb-29a4-4c8c-9966-cd067d20b0ba&xptdk=169f94bb-29a4-4c8c-9966-cd067d20b0ba,https://down-sg.img.susercontent.com/file/sg-11134201-7qvcr-ljxo9n9e3vbq9c,03-08-2023
NIL,Skechers,Skechers Men Sport D'Lux Fitness Perfect Timing walking Shoes - 232359-GRY Air-Cooled Memory Foam Relaxed Fit,"50%OFF, 50%OFF, 20%OFF, 10%OFF, 10%Coins Cashback",No Price Reduction,$129.00,8,https://shopee.sg/Skechers-Men-Sport-D'Lux-Fitness-Perfect-Timing-walking-Shoes-232359-GRY-Air-Cooled-Memory-Foam-Relaxed-Fit-i.84710867.20037579891?sp_atk=fa54338d-c002-41b1-b3d5-3a847634c266&xptdk=fa54338d-c002-41b1-b3d5-3a847634c266,https://down-sg.img.susercontent.com/file/sg-11134201-7qvg2-ljxoc4c1sq2mf2,03-08-2023
NIL,Skechers,Skechers Men GOwalk 6 Shoes - 216275-BBK Air-Cooled Goga Mat,"20%OFF, $15 OFF, 10%OFF, 10%Coins Cashback",No Price Reduction,$119.00,7,https://shopee.sg/Skechers-Men-GOwalk-6-Shoes-216275-BBK-Air-Cooled-Goga-Mat-i.84710867.20888096367?sp_atk=9480b0ca-1ae1-44c2-a39a-4cf148b02a8a&xptdk=9480b0ca-1ae1-44c2-a39a-4cf148b02a8a,https://down-sg.img.susercontent.com/file/sg-11134201-7qveo-ljxobagbhi9j58,03-08-2023
NIL,Skechers,Skechers Men Slip-Ins Sport D'Lux Walker Orford walking Shoes - 232455-BBK Air-Cooled Memory Foam Stretch Fit,"20%OFF, $15 OFF, 10%OFF, 10%Coins Cashback",No Price Reduction,$139.00,7,https://shopee.sg/Skechers-Men-Slip-Ins-Sport-D'Lux-Walker-Orford-walking-Shoes-232455-BBK-Air-Cooled-Memory-Foam-Stretch-Fit-i.84710867.22440626553?sp_atk=d730ea10-28c2-4905-8e71-0ee8e35d11e5&xptdk=d730ea10-28c2-4905-8e71-0ee8e35d11e5,https://down-sg.img.susercontent.com/file/sg-11134201-7qvdj-ljxo9ib9cj3o1d,03-08-2023
NIL,Skechers,Skechers Men Sport Flection Shoes - 8790087-BBK Air-Cooled Memory Foam,"20%OFF, 20%OFF, 10%OFF, 10%Coins Cashback",$109.00,$79.00 - $109.00,7,https://shopee.sg/Skechers-Men-Sport-Flection-Shoes-8790087-BBK-Air-Cooled-Memory-Foam-i.84710867.23428519350?sp_atk=b69b72e4-6519-46d7-840a-a1092a8346ff&xptdk=b69b72e4-6519-46d7-840a-a1092a8346ff,https://down-sg.img.susercontent.com/file/sg-11134201-7qvdk-ljxo8gd0vv9a63,03-08-2023
NIL,Skechers,Skechers Online Exclusive Men Work Flex Advantage Slip Resistant Bendon Work Shoes - 77125-BLK Air-Cooled Memory Foam,"20%OFF, 20%OFF, 10%OFF, 10%Coins Cashback",No Price Reduction,$119.00,6,https://shopee.sg/Skechers-Online-Exclusive-Men-Work-Flex-Advantage-Slip-Resistant-Bendon-Work-Shoes-77125-BLK-Air-Cooled-Memory-Foam-i.84710867.15631453383?sp_atk=50152db0-7bb2-456b-bdc4-37484d685e9d&xptdk=50152db0-7bb2-456b-bdc4-37484d685e9d,https://down-sg.img.susercontent.com/file/sg-11134201-7qvg6-ljxofi85duyt3a,03-08-2023
NIL,Skechers,Skechers Online Exclusive Men Max Cushioning Hyper Craze Bounce Shoes - 220693-NVY Air-Cooled Goga Mat,"50%OFF, 50%OFF, 20%OFF, 10%OFF, 10%Coins Cashback",No Price Reduction,$179.00,6,https://shopee.sg/Skechers-Online-Exclusive-Men-Max-Cushioning-Hyper-Craze-Bounce-Shoes-220693-NVY-Air-Cooled-Goga-Mat-i.84710867.20738937174?sp_atk=847f7d6a-66ed-4cc7-978b-0544f627c769&xptdk=847f7d6a-66ed-4cc7-978b-0544f627c769,https://down-sg.img.susercontent.com/file/sg-11134201-7qvfs-ljxobe2g733f3f,03-08-2023
NIL,Skechers,"Skechers Online Exclusive Men GOrun Razor Excess Running Shoes - 246004-ORBK Breathable, Goodyear Rubber, Hyper Burst","50%OFF, 50%OFF, 20%OFF, 10%OFF, 10%Coins Cashback",No Price Reduction,$189.00,6,https://shopee.sg/Skechers-Online-Exclusive-Men-GOrun-Razor-Excess-Running-Shoes-246004-ORBK-Breathable-Goodyear-Rubber-Hyper-Burst-i.84710867.23028516383?sp_atk=51ee4842-f60e-4b00-9ee7-7134a1e21645&xptdk=51ee4842-f60e-4b00-9ee7-7134a1e21645,https://down-sg.img.susercontent.com/file/sg-11134201-7qvd9-ljxo8vxs399zcb,03-08-2023
NIL,Skechers,"Skechers Men Sport Summits Louvin Shoes - 232186-BBK Memory Foam 
Machine Washable","20%OFF, 20%OFF, 10%OFF, 10%Coins Cashback",$119.00,$89.00,5,https://shopee.sg/Skechers-Men-Sport-Summits-Louvin-Shoes-232186-BBK-Memory-Foam-Machine-Washable-i.84710867.23415943006?sp_atk=b509a001-8457-4932-b1f6-43adacce0aad&xptdk=b509a001-8457-4932-b1f6-43adacce0aad,https://down-sg.img.susercontent.com/file/sg-11134201-7qveb-ljxo8jtltjzf05,03-08-2023
NIL,Skechers,"Skechers Men SKECHERS USA Proven Forenzo Shoes - 204471-BLK Air-Cooled Memory Foam Classic Fit, Goga Mat Arch","20%OFF, $15 OFF, 10%OFF, 10%Coins Cashback",No Price Reduction,$109.00,5,https://shopee.sg/Skechers-Men-SKECHERS-USA-Proven-Forenzo-Shoes-204471-BLK-Air-Cooled-Memory-Foam-Classic-Fit-Goga-Mat-Arch-i.84710867.23019309402?sp_atk=11f5003a-9e23-42db-b6f5-74604a325872&xptdk=11f5003a-9e23-42db-b6f5-74604a325872,https://down-sg.img.susercontent.com/file/sg-11134201-7qvey-ljxo90chmzuy94,03-08-2023
NIL,Skechers,"Skechers Men Max Cushioning Delta Relief Running Shoes - 220340-CHAR - Air-Cooled Goga Mat, Sneakers, Casual","50%OFF, 50%OFF, 20%OFF, 10%OFF, 10%Coins Cashback",No Price Reduction,$149.00,5,https://shopee.sg/Skechers-Men-Max-Cushioning-Delta-Relief-Running-Shoes-220340-CHAR-Air-Cooled-Goga-Mat-Sneakers-Casual-i.84710867.19658445066?sp_atk=91221b15-b551-47ff-997c-7bb46ad56627&xptdk=91221b15-b551-47ff-997c-7bb46ad56627,https://down-sg.img.susercontent.com/file/sg-11134201-7qvfn-ljxocdvts8k688,03-08-2023
NIL,Skechers,"Skechers Men GOwalk Arch Fit Clinton Walking Shoes - 216254-NVY - Sneakers, Casual","20%OFF, 20%OFF, 10%OFF, 10%Coins Cashback",$129.00,$99.00,4,https://shopee.sg/Skechers-Men-GOwalk-Arch-Fit-Clinton-Walking-Shoes-216254-NVY-Sneakers-Casual-i.84710867.20947947491?sp_atk=4a7f916d-3a26-4c1a-bf50-e844695fcd12&xptdk=4a7f916d-3a26-4c1a-bf50-e844695fcd12,https://down-sg.img.susercontent.com/file/sg-11134201-7qveb-ljxob7b435saf2,03-08-2023
NIL,Skechers,Skechers Men Sport Bounder Frazin walking Shoes - 232375-BBK Air-Cooled Memory Foam Machine Washable,"20%OFF, 20%OFF, 10%OFF, 10%Coins Cashback",$129.00,$99.00,4,https://shopee.sg/Skechers-Men-Sport-Bounder-Frazin-walking-Shoes-232375-BBK-Air-Cooled-Memory-Foam-Machine-Washable-i.84710867.20258444146?sp_atk=8a23e0fa-2298-4bdf-b952-f8405484f0af&xptdk=8a23e0fa-2298-4bdf-b952-f8405484f0af,https://down-sg.img.susercontent.com/file/sg-11134201-7qvf1-ljxobu62muxe38,03-08-2023
NIL,Skechers,Skechers Men GOwalk Flex Walking Shoes - 216485-BKGY Air-Cooled Goga Mat,"20%OFF, 20%OFF, 10%OFF, 10%Coins Cashback",$119.00,$99.00,4,https://shopee.sg/Skechers-Men-GOwalk-Flex-Walking-Shoes-216485-BKGY-Air-Cooled-Goga-Mat-i.84710867.18480051768?sp_atk=719f8166-4b25-4459-87ab-18e196bd14bc&xptdk=719f8166-4b25-4459-87ab-18e196bd14bc,https://down-sg.img.susercontent.com/file/sg-11134201-7qvfj-ljxodpb2fabu58,03-08-2023
NIL,Skechers,"Skechers Online Exclusive Men Foamies GOwalk 5 Pastime Walking Shoes - 243016-OLV - Sneakers, Casual","20%OFF, 20%OFF, 10%OFF, 10%Coins Cashback",No Price Reduction,$89.00,4,https://shopee.sg/Skechers-Online-Exclusive-Men-Foamies-GOwalk-5-Pastime-Walking-Shoes-243016-OLV-Sneakers-Casual-i.84710867.13756695450?sp_atk=99e95869-35f0-4c81-930d-8d3bbde64bfa&xptdk=99e95869-35f0-4c81-930d-8d3bbde64bfa,https://down-sg.img.susercontent.com/file/sg-11134201-7qvfr-ljxofwxtuqklcd,03-08-2023
NIL,Skechers,"Skechers Men Sport Summits Louvin Shoes - 232186-BKW Memory Foam 
Machine Washable","20%OFF, 20%OFF, 10%OFF, 10%Coins Cashback",$119.00,$89.00,4,https://shopee.sg/Skechers-Men-Sport-Summits-Louvin-Shoes-232186-BKW-Memory-Foam-Machine-Washable-i.84710867.23015942859?sp_atk=788e8256-5c27-46de-97ed-decd72b8b979&xptdk=788e8256-5c27-46de-97ed-decd72b8b979,https://down-sg.img.susercontent.com/file/sg-11134201-7qved-ljxo90y4rcatee,03-08-2023
NIL,Skechers,"Skechers Online Exclusive Men Foamies GOwalk 5 Pastime Walking Shoes - 243016-BLK - Sneakers, Casual","20%OFF, 20%OFF, 10%OFF, 10%Coins Cashback",No Price Reduction,$89.00,3,https://shopee.sg/Skechers-Online-Exclusive-Men-Foamies-GOwalk-5-Pastime-Walking-Shoes-243016-BLK-Sneakers-Casual-i.84710867.8497176832?sp_atk=41a64697-bf50-483f-b5e0-0a1aade1fd28&xptdk=41a64697-bf50-483f-b5e0-0a1aade1fd28,https://down-sg.img.susercontent.com/file/sg-11134201-7qvd4-ljxogzbvo9zrcb,03-08-2023
NIL,Skechers,"Skechers Men SKECHERS USA Proven Suttner Shoes - 204785-NVY Air-Cooled Memory Foam Charcoal MF, Classic Fit","20%OFF, 20%OFF, 10%OFF, 10%Coins Cashback",No Price Reduction,$109.00,3,https://shopee.sg/Skechers-Men-SKECHERS-USA-Proven-Suttner-Shoes-204785-NVY-Air-Cooled-Memory-Foam-Charcoal-MF-Classic-Fit-i.84710867.23667701864?sp_atk=d267f55c-a92c-45e4-9988-350a82375031&xptdk=d267f55c-a92c-45e4-9988-350a82375031,https://down-sg.img.susercontent.com/file/sg-11134201-7qve6-ljxo80x9h51012,03-08-2023
NIL,Skechers,Skechers Men Transformers SKECHERS Street Stamina V3 Shoes - 802011-BKYL Air-Cooled Memory Foam,"20%OFF, 10%OFF, 10%Coins Cashback, $15 OFF",No Price Reduction,$159.00,3,https://shopee.sg/Skechers-Men-Transformers-SKECHERS-Street-Stamina-V3-Shoes-802011-BKYL-Air-Cooled-Memory-Foam-i.84710867.22566894207?sp_atk=0834074e-574b-49c7-b882-25a562dd4add&xptdk=0834074e-574b-49c7-b882-25a562dd4add,https://down-sg.img.susercontent.com/file/9574f2e08c0c60e85a6264a42fe6585a_tn,03-08-2023
NIL,Skechers,"Skechers Men GOwalk 6 Expanse Walking Shoes - 216271-NVY - Air-Cooled Goga Mat, Sneakers, Casual","20%OFF, $15 OFF, 10%OFF, 10%Coins Cashback",No Price Reduction,$119.00,3,https://shopee.sg/Skechers-Men-GOwalk-6-Expanse-Walking-Shoes-216271-NVY-Air-Cooled-Goga-Mat-Sneakers-Casual-i.84710867.22019311973?sp_atk=e01725ad-585b-4532-bfe5-2fc1546aa2c5&xptdk=e01725ad-585b-4532-bfe5-2fc1546aa2c5,https://down-sg.img.susercontent.com/file/sg-11134201-7qvcr-ljxoa4iwubyi61,03-08-2023
NIL,Skechers,Skechers Online Exclusive Men Max Cushioning Hyper Craze Bounce Shoes - 220693-RDBK Air-Cooled Goga Mat,"50%OFF, 50%OFF, 20%OFF, 10%OFF, 10%Coins Cashback",No Price Reduction,$179.00,3,https://shopee.sg/Skechers-Online-Exclusive-Men-Max-Cushioning-Hyper-Craze-Bounce-Shoes-220693-RDBK-Air-Cooled-Goga-Mat-i.84710867.20738937177?sp_atk=0d16fc86-faa1-412d-a986-7dc246cb48d0&xptdk=0d16fc86-faa1-412d-a986-7dc246cb48d0,https://down-sg.img.susercontent.com/file/sg-11134201-7qveu-ljxobe3k5gmj0c,03-08-2023
NIL,Skechers,"Skechers Men GOwalk Flex Reveal Walking Shoes - 216483-NVY - Air-Cooled Goga Mat, Sneakers, Casual","20%OFF, 20%OFF, 10%OFF, 10%Coins Cashback",$119.00,$99.00,3,https://shopee.sg/Skechers-Men-GOwalk-Flex-Reveal-Walking-Shoes-216483-NVY-Air-Cooled-Goga-Mat-Sneakers-Casual-i.84710867.20034712356?sp_atk=67057109-fa96-48d2-b696-76bcb3036ee1&xptdk=67057109-fa96-48d2-b696-76bcb3036ee1,https://down-sg.img.susercontent.com/file/sg-11134201-7qvep-ljxoc6r67tjq59,03-08-2023
NIL,Skechers,"Skechers Men Sport Arch Fit Freewave Shoes - 232600-TPE Air-Cooled, Arch Fit, Machine Washable, Vegan","20%OFF, $15 OFF, 10%OFF, 10%Coins Cashback",No Price Reduction,$129.00,3,https://shopee.sg/Skechers-Men-Sport-Arch-Fit-Freewave-Shoes-232600-TPE-Air-Cooled-Arch-Fit-Machine-Washable-Vegan-i.84710867.19977207115?sp_atk=53bbb681-ff3c-4064-99f3-b19d2206a535&xptdk=53bbb681-ff3c-4064-99f3-b19d2206a535,https://down-sg.img.susercontent.com/file/sg-11134201-7qvcw-ljxoc7vyliqae7,03-08-2023
NIL,Skechers,Skechers Men Sport D'Lux Walker Get Oasis walking Shoes - 232362-NTRD Air-Cooled Memory Foam Relaxed Fit,"50%OFF, 50%OFF, 20%OFF, 10%OFF, 10%Coins Cashback",No Price Reduction,$139.00,3,https://shopee.sg/Skechers-Men-Sport-D'Lux-Walker-Get-Oasis-walking-Shoes-232362-NTRD-Air-Cooled-Memory-Foam-Relaxed-Fit-i.84710867.20037579751?sp_atk=bd9f68e1-ebd2-46fa-be52-206458902a10&xptdk=bd9f68e1-ebd2-46fa-be52-206458902a10,https://down-sg.img.susercontent.com/file/sg-11134201-7qvf6-ljxoc5zzd0mj0f,03-08-2023
NIL,Skechers,Skechers Men Slip-Ins Sport D'Lux Walker Orford walking Shoes - 232455-BRN Air-Cooled Memory Foam Stretch Fit,"20%OFF, $15 OFF, 10%OFF, 10%Coins Cashback",No Price Reduction,$139.00,3,https://shopee.sg/Skechers-Men-Slip-Ins-Sport-D'Lux-Walker-Orford-walking-Shoes-232455-BRN-Air-Cooled-Memory-Foam-Stretch-Fit-i.84710867.23028516322?sp_atk=c2716a8d-f078-45d5-b13e-46d8ede7f9f1&xptdk=c2716a8d-f078-45d5-b13e-46d8ede7f9f1,https://down-sg.img.susercontent.com/file/3a35e77bf5f818d5d0636f350c385145_tn,03-08-2023
NIL,Skechers,"Skechers Men GOwalk 6 Modernized Walking Shoes - 216275-GRY - Air-Cooled Goga Mat, Sneakers, Casual","20%OFF, 20%OFF, 10%OFF, 10%Coins Cashback",$119.00,$89.00,3,https://shopee.sg/Skechers-Men-GOwalk-6-Modernized-Walking-Shoes-216275-GRY-Air-Cooled-Goga-Mat-Sneakers-Casual-i.84710867.20969956729?sp_atk=c1aae973-ab2f-41ff-afba-c0ead2802275&xptdk=c1aae973-ab2f-41ff-afba-c0ead2802275,https://down-sg.img.susercontent.com/file/sg-11134201-7qvd0-ljxob5i6rlg6d7,03-08-2023
NIL,Skechers,Skechers Men Slip-Ins GOwalk Arch Fit Hands Free Walking Shoes - 216259-BLK Air-Cooled Memory Foam Arch Fit,"20%OFF, $15 OFF, 10%OFF, 10%Coins Cashback",No Price Reduction,$149.00,3,https://shopee.sg/Skechers-Men-Slip-Ins-GOwalk-Arch-Fit-Hands-Free-Walking-Shoes-216259-BLK-Air-Cooled-Memory-Foam-Arch-Fit-i.84710867.23068203586?sp_atk=dceaff37-2eb7-445b-a73e-fe82cef6691c&xptdk=dceaff37-2eb7-445b-a73e-fe82cef6691c,https://down-sg.img.susercontent.com/file/sg-11134201-7qvdg-ljxo8u4ar3aje2,03-08-2023
NIL,Skechers,Skechers Men Sport Arch Fit D'Lux Key Journey walking Shoes - 232504-BBK Arch Fit,"20%OFF, $15 OFF, 10%OFF, 10%Coins Cashback",No Price Reduction,$139.00,2,https://shopee.sg/Skechers-Men-Sport-Arch-Fit-D'Lux-Key-Journey-walking-Shoes-232504-BBK-Arch-Fit-i.84710867.22726564247?sp_atk=2e9bcb39-b3d8-43ba-b076-39d7f0684b23&xptdk=2e9bcb39-b3d8-43ba-b076-39d7f0684b23,https://down-sg.img.susercontent.com/file/sg-11134201-7qvg1-ljxo9da2pon929,03-08-2023
NIL,Skechers,Skechers Men GOwalk Flex Walking Shoes - 216485-KHK Air-Cooled Goga Mat,"20%OFF, 20%OFF, 10%OFF, 10%Coins Cashback",$119.00,$99.00,2,https://shopee.sg/Skechers-Men-GOwalk-Flex-Walking-Shoes-216485-KHK-Air-Cooled-Goga-Mat-i.84710867.19488996199?sp_atk=bf2d25b2-f206-44ef-b8be-94ac75beecc4&xptdk=bf2d25b2-f206-44ef-b8be-94ac75beecc4,https://down-sg.img.susercontent.com/file/sg-11134201-7qveg-ljxocm0jvvdj87,03-08-2023
NIL,Skechers,"Skechers Men GOwalk Flex Quota Walking Shoes - 216481-CCNV - Air-Cooled Goga Mat, Sneakers, Casual","20%OFF, 20%OFF, 10%OFF, 10%Coins Cashback",$119.00,$99.00,2,https://shopee.sg/Skechers-Men-GOwalk-Flex-Quota-Walking-Shoes-216481-CCNV-Air-Cooled-Goga-Mat-Sneakers-Casual-i.84710867.19062720685?sp_atk=f03f1565-a4e7-476a-b45e-1353c30d9c50&xptdk=f03f1565-a4e7-476a-b45e-1353c30d9c50,https://down-sg.img.susercontent.com/file/sg-11134201-7qvd0-ljxocxgv4i3b39,03-08-2023
NIL,Skechers,Skechers Men Sport Arch Fit D'Lux Sumner walking Shoes - 232502-BKW Arch Fit,"20%OFF, 20%OFF, 10%OFF, 10%Coins Cashback",$139.00,$109.00,2,https://shopee.sg/Skechers-Men-Sport-Arch-Fit-D'Lux-Sumner-walking-Shoes-232502-BKW-Arch-Fit-i.84710867.18755615232?sp_atk=83ebca8f-a416-4030-a50d-19e9468ebd01&xptdk=83ebca8f-a416-4030-a50d-19e9468ebd01,https://down-sg.img.susercontent.com/file/sg-11134201-7qves-ljxoddmzgmgkfc,03-08-2023
NIL,Skechers,"Skechers Online Exclusive Men GOrun Razor Excess Running Shoes - 246004-YLNV Breathable, Goodyear Rubber, Hyper Burst","50%OFF, 50%OFF, 20%OFF, 10%OFF, 10%Coins Cashback",No Price Reduction,$189.00,2,https://shopee.sg/Skechers-Online-Exclusive-Men-GOrun-Razor-Excess-Running-Shoes-246004-YLNV-Breathable-Goodyear-Rubber-Hyper-Burst-i.84710867.23028516332?sp_atk=291d5aa4-1294-47a8-8202-fe9e8956c75b&xptdk=291d5aa4-1294-47a8-8202-fe9e8956c75b,https://down-sg.img.susercontent.com/file/sg-11134201-7qvg8-ljxo8wkt6yaadd,03-08-2023
NIL,Skechers,"Skechers Men GOwalk Arch Fit Robust Comfort Walking Shoes - 216264-CCGY - Sneakers, Casual","20%OFF, $15 OFF, 10%OFF, 10%Coins Cashback",No Price Reduction,$129.00,2,https://shopee.sg/Skechers-Men-GOwalk-Arch-Fit-Robust-Comfort-Walking-Shoes-216264-CCGY-Sneakers-Casual-i.84710867.23920914828?sp_atk=a51fdcee-606b-433d-a903-ccaf71280dfc&xptdk=a51fdcee-606b-433d-a903-ccaf71280dfc,https://down-sg.img.susercontent.com/file/sg-11134201-7qver-ljxo7k622o0i29,03-08-2023
NIL,Skechers,"Skechers Men GOwalk Flex Rightful Walking Shoes - 216482-GYLM - Air-Cooled Goga Mat, Sneakers, Casual","20%OFF, 20%OFF, 10%OFF, 10%Coins Cashback",$119.00,$99.00,2,https://shopee.sg/Skechers-Men-GOwalk-Flex-Rightful-Walking-Shoes-216482-GYLM-Air-Cooled-Goga-Mat-Sneakers-Casual-i.84710867.23810273489?sp_atk=000b5288-84a7-4fac-a411-7d43ff69cbdb&xptdk=000b5288-84a7-4fac-a411-7d43ff69cbdb,https://down-sg.img.susercontent.com/file/sg-11134201-7qvfa-ljxo7qn4isonf2,03-08-2023
NIL,Skechers,Skechers Men Sport Arch Fit D'Lux Key Journey walking Shoes - 232504-NVY Arch Fit,"20%OFF, $15 OFF, 10%OFF, 10%Coins Cashback",No Price Reduction,$139.00,2,https://shopee.sg/Skechers-Men-Sport-Arch-Fit-D'Lux-Key-Journey-walking-Shoes-232504-NVY-Arch-Fit-i.84710867.22726564246?sp_atk=766bc7ea-a228-457d-84f7-842d1c844b61&xptdk=766bc7ea-a228-457d-84f7-842d1c844b61,https://down-sg.img.susercontent.com/file/sg-11134201-7qve1-ljxo9dwtsdfub8,03-08-2023
NIL,Skechers,Skechers Men California Pack Sport Court 92 Shoes - 237188-BKGD Air-Cooled Memory Foam,"20%OFF, $15 OFF, 10%OFF, 10%Coins Cashback",No Price Reduction,$109.00,2,https://shopee.sg/Skechers-Men-California-Pack-Sport-Court-92-Shoes-237188-BKGD-Air-Cooled-Memory-Foam-i.84710867.21865697545?sp_atk=4b5d7db1-e0f9-4dc2-a4ef-fcd776d98bae&xptdk=4b5d7db1-e0f9-4dc2-a4ef-fcd776d98bae,https://down-sg.img.susercontent.com/file/sg-11134201-7qvef-ljxoa9mldk0n69,03-08-2023
NIL,Skechers,"Skechers Men Sport Equalizer 5.0 walking Shoes - 232519-RDBK Air-Cooled Memory Foam Dual-Lite, Relaxed Fit","20%OFF, 20%OFF, 10%OFF, 10%Coins Cashback",$129.00,$99.00,2,https://shopee.sg/Skechers-Men-Sport-Equalizer-5.0-walking-Shoes-232519-RDBK-Air-Cooled-Memory-Foam-Dual-Lite-Relaxed-Fit-i.84710867.21658445299?sp_atk=b8894d41-cfdd-4937-8a16-a69dd3d217e2&xptdk=b8894d41-cfdd-4937-8a16-a69dd3d217e2,https://down-sg.img.susercontent.com/file/sg-11134201-7qve5-ljxoaeq9wrcbb8,03-08-2023
NIL,Skechers,Skechers Men GOwalk Flex Shoes - 216486-NVGY,"20%OFF, 20%OFF, 10%OFF, 10%Coins Cashback",$119.00,$99.00,2,https://shopee.sg/Skechers-Men-GOwalk-Flex-Shoes-216486-NVGY-i.84710867.21474850368?sp_atk=b74e1d32-f38a-4e9f-8a6b-22abfb5c9e0e&xptdk=b74e1d32-f38a-4e9f-8a6b-22abfb5c9e0e,https://down-sg.img.susercontent.com/file/sg-11134201-7qvdx-ljxoalfe3w9e98,03-08-2023
NIL,Skechers,"Skechers Men GOwalk Flex Rightful Walking Shoes - 216482-NVOR - Air-Cooled Goga Mat, Sneakers, Casual","20%OFF, 20%OFF, 10%OFF, 10%Coins Cashback",$119.00,$99.00,2,https://shopee.sg/Skechers-Men-GOwalk-Flex-Rightful-Walking-Shoes-216482-NVOR-Air-Cooled-Goga-Mat-Sneakers-Casual-i.84710867.21422714194?sp_atk=5ce0bea8-92b9-4a34-bd57-b990f2212042&xptdk=5ce0bea8-92b9-4a34-bd57-b990f2212042,https://down-sg.img.susercontent.com/file/sg-11134201-7qvfw-ljxoaqzg0kji81,03-08-2023
NIL,Skechers,"Skechers Men GOwalk Flex Reveal Walking Shoes - 216483-BKRD - Air-Cooled Goga Mat, Sneakers, Casual","20%OFF, 20%OFF, 10%OFF, 10%Coins Cashback",$119.00,$99.00,2,https://shopee.sg/Skechers-Men-GOwalk-Flex-Reveal-Walking-Shoes-216483-BKRD-Air-Cooled-Goga-Mat-Sneakers-Casual-i.84710867.19634712618?sp_atk=2eb7ad26-605a-427d-ba3b-eb81ff099665&xptdk=2eb7ad26-605a-427d-ba3b-eb81ff099665,https://down-sg.img.susercontent.com/file/sg-11134201-7qvd0-ljxocfsczxfuc3,03-08-2023
NIL,Skechers,Skechers Men Hillcrest Rocky Drift Shoes - 237267-OLV Memory Foam,"20%OFF, 20%OFF, 10%OFF, 10%Coins Cashback",$129.00,$60.00,2,https://shopee.sg/Skechers-Men-Hillcrest-Rocky-Drift-Shoes-237267-OLV-Memory-Foam-i.84710867.19062720679?sp_atk=9e24bbfc-1593-4977-bf1f-a34b3a8b9585&xptdk=9e24bbfc-1593-4977-bf1f-a34b3a8b9585,https://down-sg.img.susercontent.com/file/sg-11134201-7qvdh-ljxocxjn1ufqf6,03-08-2023
NIL,Skechers,Skechers Men Sport Ultra Flex 3.0 Right Away walking Shoes - 232452-BLK Air-Cooled Memory Foam Stretch Fit,"20%OFF, $15 OFF, 10%OFF, 10%Coins Cashback",No Price Reduction,$129.00,2,https://shopee.sg/Skechers-Men-Sport-Ultra-Flex-3.0-Right-Away-walking-Shoes-232452-BLK-Air-Cooled-Memory-Foam-Stretch-Fit-i.84710867.18970967986?sp_atk=41836406-ebaf-4fae-ba0e-65076a6d037a&xptdk=41836406-ebaf-4fae-ba0e-65076a6d037a,https://down-sg.img.susercontent.com/file/sg-11134201-7qvg0-ljxod9djqkyfa3,03-08-2023
NIL,Skechers,Skechers Online Exclusive Men GOrun Ride 10 Shoes - 246045-BKW,"50%OFF, 50%OFF, 20%OFF, 10%OFF, 10%Coins Cashback",No Price Reduction,$169.00,2,https://shopee.sg/Skechers-Online-Exclusive-Men-GOrun-Ride-10-Shoes-246045-BKW-i.84710867.18619616195?sp_atk=a9f18347-01a8-4ac1-aec8-9c9e83703fa3&xptdk=a9f18347-01a8-4ac1-aec8-9c9e83703fa3,https://down-sg.img.susercontent.com/file/sg-11134201-7qvf7-ljxodivxs4mj61,03-08-2023
NIL,Skechers,"Skechers Men GOwalk 6 Requisite Walking Shoes - 216623-WHT - Air-Cooled Goga Mat, Sneakers, Casual","20%OFF, $15 OFF, 10%OFF, 10%Coins Cashback",No Price Reduction,$119.00,1,https://shopee.sg/Skechers-Men-GOwalk-6-Requisite-Walking-Shoes-216623-WHT-Air-Cooled-Goga-Mat-Sneakers-Casual-i.84710867.23622700300?sp_atk=bbe3a497-d55e-4d8f-8a88-f7be00470ce4&xptdk=bbe3a497-d55e-4d8f-8a88-f7be00470ce4,https://down-sg.img.susercontent.com/file/sg-11134201-7qvey-ljxo860e9loe76,03-08-2023
NIL,Skechers,"Skechers Men Hillcrest Vast Adventure Shoes - 237266-NVRD Memory Foam Wide Fit, Trail","20%OFF, 20%OFF, 10%OFF, 10%Coins Cashback",$129.00,$99.00,1,https://shopee.sg/Skechers-Men-Hillcrest-Vast-Adventure-Shoes-237266-NVRD-Memory-Foam-Wide-Fit-Trail-i.84710867.23415941489?sp_atk=295019d2-1833-4bfb-80cf-905cf00b3b25&xptdk=295019d2-1833-4bfb-80cf-905cf00b3b25,https://down-sg.img.susercontent.com/file/sg-11134201-7qvcq-ljxo8jrdws9eeb,03-08-2023
NIL,Skechers,"Skechers Men Slip-Ins GOwalk 6 Easy On Walking Shoes - 216278-NAT - Air-Cooled Memory Foam, Sneakers, Casual","20%OFF, $15 OFF, 10%OFF, 10%Coins Cashback",No Price Reduction,$139.00,1,https://shopee.sg/Skechers-Men-Slip-Ins-GOwalk-6-Easy-On-Walking-Shoes-216278-NAT-Air-Cooled-Memory-Foam-Sneakers-Casual-i.84710867.23617646256?sp_atk=de591e09-0648-4a63-b478-1be43ec55dea&xptdk=de591e09-0648-4a63-b478-1be43ec55dea,https://down-sg.img.susercontent.com/file/3a35e77bf5f818d5d0636f350c385145_tn,03-08-2023
NIL,Skechers,Skechers Men Sport Track Ripkent walking Shoes - 232399-NVBK Memory Foam Machine Washable,"20%OFF, 20%OFF, 10%OFF, 10%Coins Cashback",$129.00,$99.00,1,https://shopee.sg/Skechers-Men-Sport-Track-Ripkent-walking-Shoes-232399-NVBK-Memory-Foam-Machine-Washable-i.84710867.23530005828?sp_atk=af8a3175-55a5-418c-8344-f48b52fdb176&xptdk=af8a3175-55a5-418c-8344-f48b52fdb176,https://down-sg.img.susercontent.com/file/sg-11134201-7qvcw-ljxo89swhdsaa6,03-08-2023
NIL,Skechers,"Skechers Men Max Cushioning Essential Momentum Running Shoes - 220722-NVOR - Air-Cooled Goga Mat, Sneakers, Casual","20%OFF, 20%OFF, 10%OFF, 10%Coins Cashback",$129.00,$109.00,1,https://shopee.sg/Skechers-Men-Max-Cushioning-Essential-Momentum-Running-Shoes-220722-NVOR-Air-Cooled-Goga-Mat-Sneakers-Casual-i.84710867.23415941480?sp_atk=fc20d0df-aaf4-47ef-8a45-16df65f76a6d&xptdk=fc20d0df-aaf4-47ef-8a45-16df65f76a6d,https://down-sg.img.susercontent.com/file/sg-11134201-7qvd2-ljxo8kdb0q528c,03-08-2023
NIL,Skechers,Skechers Men Sport D'Lux Fitness Major Stride Shoes - 232615-GYBL Air-Cooled Memory Foam Machine Washable,"20%OFF, 20%OFF, 10%OFF, 10%Coins Cashback",$129.00,$109.00,1,https://shopee.sg/Skechers-Men-Sport-D'Lux-Fitness-Major-Stride-Shoes-232615-GYBL-Air-Cooled-Memory-Foam-Machine-Washable-i.84710867.22435246312?sp_atk=8967d79a-2648-49a7-b75e-27e6753e66d4&xptdk=8967d79a-2648-49a7-b75e-27e6753e66d4,https://down-sg.img.susercontent.com/file/sg-11134201-7qve9-ljxo9i9bfdf840,03-08-2023
NIL,Skechers,Skechers Men Sport D'Lux Fitness Box Jump walking Shoes - 232357-WBRD Air-Cooled Memory Foam Machine Washable,"20%OFF, 20%OFF, 10%OFF, 10%Coins Cashback",$129.00,$109.00,1,https://shopee.sg/Skechers-Men-Sport-D'Lux-Fitness-Box-Jump-walking-Shoes-232357-WBRD-Air-Cooled-Memory-Foam-Machine-Washable-i.84710867.22019311990?sp_atk=c988157e-1724-4c51-a8f2-1d52f554d8a1&xptdk=c988157e-1724-4c51-a8f2-1d52f554d8a1,https://down-sg.img.susercontent.com/file/sg-11134201-7qvcv-ljxoa4l4r35ga3,03-08-2023
NIL,Skechers,"Skechers Men GOwalk Flex Quota Walking Shoes - 216481-BKGY - Air-Cooled Goga Mat, Sneakers, Casual","20%OFF, 20%OFF, 10%OFF, 10%Coins Cashback",$119.00,$60.00,1,https://shopee.sg/Skechers-Men-GOwalk-Flex-Quota-Walking-Shoes-216481-BKGY-Air-Cooled-Goga-Mat-Sneakers-Casual-i.84710867.21945244917?sp_atk=67a1c04d-57e7-46ac-bcbc-c08c67b63684&xptdk=67a1c04d-57e7-46ac-bcbc-c08c67b63684,https://down-sg.img.susercontent.com/file/sg-11134201-7qvdb-ljxoa6qtleiff6,03-08-2023
NIL,Skechers,"Skechers Men GOwalk 6 Expanse Walking Shoes - 216271-GRY - Air-Cooled Goga Mat, Sneakers, Casual","20%OFF, $15 OFF, 10%OFF, 10%Coins Cashback",No Price Reduction,$119.00,1,https://shopee.sg/Skechers-Men-GOwalk-6-Expanse-Walking-Shoes-216271-GRY-Air-Cooled-Goga-Mat-Sneakers-Casual-i.84710867.21871551037?sp_atk=0dd17a81-39d1-4499-94ca-b4bc5f644894&xptdk=0dd17a81-39d1-4499-94ca-b4bc5f644894,https://down-sg.img.susercontent.com/file/sg-11134201-7qvd7-ljxoa9681ibpd4,03-08-2023
NIL,Skechers,"Skechers Men GOwalk Flex Rightful Walking Shoes - 216482-CCBK - Air-Cooled Goga Mat, Sneakers, Casual","20%OFF, 20%OFF, 10%OFF, 10%Coins Cashback",$119.00,$99.00,1,https://shopee.sg/Skechers-Men-GOwalk-Flex-Rightful-Walking-Shoes-216482-CCBK-Air-Cooled-Goga-Mat-Sneakers-Casual-i.84710867.21422714228?sp_atk=6d81d8a6-ccb9-41c5-b177-f0f4e23746a9&xptdk=6d81d8a6-ccb9-41c5-b177-f0f4e23746a9,https://down-sg.img.susercontent.com/file/sg-11134201-7qvg8-ljxoaq9d1bx3e5,03-08-2023
NIL,Skechers,"Skechers Men Sport Skech-Lite Pro Faint Flair Shoes - 232593-GYBK - Air-Cooled Memory Foam, Sneakers, Casual","20%OFF, 20%OFF, 10%OFF, 10%Coins Cashback",$119.00,$99.00,1,https://shopee.sg/Skechers-Men-Sport-Skech-Lite-Pro-Faint-Flair-Shoes-232593-GYBK-Air-Cooled-Memory-Foam-Sneakers-Casual-i.84710867.21338935974?sp_atk=c60f0aae-7676-4fd9-b103-d2060b97867c&xptdk=c60f0aae-7676-4fd9-b103-d2060b97867c,https://down-sg.img.susercontent.com/file/sg-11134201-7qvd0-ljxoasvf92no50,03-08-2023
NIL,Skechers,"Skechers Men GOwalk Max Midshore Walking Shoes - 216281-NVOR Air-Cooled Goga Mat Extra Wide Fit, Ortholite","20%OFF, 20%OFF, 10%OFF, 10%Coins Cashback",$119.00,$60.00,1,https://shopee.sg/Skechers-Men-GOwalk-Max-Midshore-Walking-Shoes-216281-NVOR-Air-Cooled-Goga-Mat-Extra-Wide-Fit-Ortholite-i.84710867.20258444188?sp_atk=fbc229ff-3a90-4066-888d-0b466220fff0&xptdk=fbc229ff-3a90-4066-888d-0b466220fff0,https://down-sg.img.susercontent.com/file/sg-11134201-7qvex-ljxobszwclez96,03-08-2023
NIL,Skechers,"Skechers Men Sport Arch Fit Infinity Euron Shoes - 232608-BKW Arch Fit, Machine Washable, Stretch Fit, Vapor Lite, Vegan","20%OFF, $15 OFF, 10%OFF, 10%Coins Cashback",No Price Reduction,$139.00,1,https://shopee.sg/Skechers-Men-Sport-Arch-Fit-Infinity-Euron-Shoes-232608-BKW-Arch-Fit-Machine-Washable-Stretch-Fit-Vapor-Lite-Vegan-i.84710867.18888827673?sp_atk=09507503-4b72-463b-98ba-cfbdd38ca694&xptdk=09507503-4b72-463b-98ba-cfbdd38ca694,https://down-sg.img.susercontent.com/file/sg-11134201-7qvdu-ljxoda1erny6ae,03-08-2023
NIL,Skechers,Skechers Men Transformers SKECHERS Street Stamina V3 Shoes - 802011-GYMT Air-Cooled Memory Foam,"20%OFF, 10%OFF, 10%Coins Cashback, $15 OFF",No Price Reduction,$159.00,1,https://shopee.sg/Skechers-Men-Transformers-SKECHERS-Street-Stamina-V3-Shoes-802011-GYMT-Air-Cooled-Memory-Foam-i.84710867.18288390538?sp_atk=ae5e5781-2cfd-4842-94ef-08ec7c2f0d20&xptdk=ae5e5781-2cfd-4842-94ef-08ec7c2f0d20,https://down-sg.img.susercontent.com/file/9574f2e08c0c60e85a6264a42fe6585a_tn,03-08-2023
NIL,Skechers,"Skechers Men GOwalk Max Midshore Walking Shoes - 216281-CCRD Air-Cooled Goga Mat Extra Wide Fit, Ortholite","20%OFF, 20%OFF, 10%OFF, 10%Coins Cashback",$119.00,$60.00,1,https://shopee.sg/Skechers-Men-GOwalk-Max-Midshore-Walking-Shoes-216281-CCRD-Air-Cooled-Goga-Mat-Extra-Wide-Fit-Ortholite-i.84710867.13394050087?sp_atk=c6c83a0c-35aa-426a-a9ed-5aa213bb4a30&xptdk=c6c83a0c-35aa-426a-a9ed-5aa213bb4a30,https://down-sg.img.susercontent.com/file/sg-11134201-7qvfv-ljxog1abhpys6f,03-08-2023
NIL,Skechers,Skechers Men Sport Lander S Shoes - 237485-BKW Air-Cooled Memory Foam,"20%OFF, 20%OFF, 10%OFF, 10%Coins Cashback",$129.00,$99.00,1,https://shopee.sg/Skechers-Men-Sport-Lander-S-Shoes-237485-BKW-Air-Cooled-Memory-Foam-i.84710867.12097090835?sp_atk=bd6163b7-2c46-49c0-a5a4-30d917219ad9&xptdk=bd6163b7-2c46-49c0-a5a4-30d917219ad9,https://down-sg.img.susercontent.com/file/sg-11134201-7qvfg-ljxogg81mu7f60,03-08-2023
NIL,Skechers,"Skechers Men GOrun Consistent Quick Step Running Shoes - 220368-NVY Air-Cooled Goga Mat Ortholite, M-STRIKE","20%OFF, 20%OFF, 10%OFF, 10%Coins Cashback",$139.00,$109.00,1,https://shopee.sg/Skechers-Men-GOrun-Consistent-Quick-Step-Running-Shoes-220368-NVY-Air-Cooled-Goga-Mat-Ortholite-M-STRIKE-i.84710867.11498319610?sp_atk=0f775c3c-5dc7-444e-b788-9de735f75624&xptdk=0f775c3c-5dc7-444e-b788-9de735f75624,https://down-sg.img.susercontent.com/file/sg-11134201-7qvcs-ljxogm6swjrm4e,03-08-2023
NIL,Skechers,"Skechers Men GOrun Consistent Quick Step Running Shoes - 220368-CHAR Air-Cooled Goga Mat Ortholite, M-STRIKE","20%OFF, 20%OFF, 10%OFF, 10%Coins Cashback",$139.00,$109.00,1,https://shopee.sg/Skechers-Men-GOrun-Consistent-Quick-Step-Running-Shoes-220368-CHAR-Air-Cooled-Goga-Mat-Ortholite-M-STRIKE-i.84710867.11398319608?sp_atk=da5c16bc-f2eb-4cc3-803c-a168ce23468d&xptdk=da5c16bc-f2eb-4cc3-803c-a168ce23468d,https://down-sg.img.susercontent.com/file/sg-11134201-7qvdz-ljxogo3w3g227e,03-08-2023
NIL,Skechers,"Skechers Men GOrun Consistent Transition Running Shoes - 220375-CCRD Ortholite, M-STRIKE","20%OFF, 20%OFF, 10%OFF, 10%Coins Cashback",$129.00,$109.00,1,https://shopee.sg/Skechers-Men-GOrun-Consistent-Transition-Running-Shoes-220375-CCRD-Ortholite-M-STRIKE-i.84710867.20350002292?sp_atk=edd33312-36d9-457a-a645-9e395ecb2636&xptdk=edd33312-36d9-457a-a645-9e395ecb2636,https://down-sg.img.susercontent.com/file/sg-11134201-7qvcv-ljxobp0q639m45,03-08-2023
NIL,Skechers,"Skechers Men GOwalk Arch Fit Robust Comfort Walking Shoes - 216264-NVY - Sneakers, Casual","20%OFF, $15 OFF, 10%OFF, 10%Coins Cashback",No Price Reduction,$129.00,1,https://shopee.sg/Skechers-Men-GOwalk-Arch-Fit-Robust-Comfort-Walking-Shoes-216264-NVY-Sneakers-Casual-i.84710867.21572116179?sp_atk=c155c15b-5148-4425-b071-84848575870e&xptdk=c155c15b-5148-4425-b071-84848575870e,https://down-sg.img.susercontent.com/file/sg-11134201-7qver-ljxoai4wx9uaf6,03-08-2023
NIL,Skechers,"Skechers Men Max Cushioning Delta Running Shoes - 220351-RED - Air-Cooled Goga Mat, Sneakers, Casual","20%OFF, 20%OFF, 10%OFF, 10%Coins Cashback",$149.00,$60.00,1,https://shopee.sg/Skechers-Men-Max-Cushioning-Delta-Running-Shoes-220351-RED-Air-Cooled-Goga-Mat-Sneakers-Casual-i.84710867.21422714211?sp_atk=ed365801-ccef-49a9-94b2-c4fcc773ba0e&xptdk=ed365801-ccef-49a9-94b2-c4fcc773ba0e,https://down-sg.img.susercontent.com/file/sg-11134201-7qved-ljxoaq9d1bvv9e,03-08-2023
NIL,Skechers,Skechers Online Exclusive Men GOrun Ride 10 Shoes - 246045-BURG,"50%OFF, 50%OFF, 20%OFF, 10%OFF, 10%Coins Cashback",No Price Reduction,$169.00,1,https://shopee.sg/Skechers-Online-Exclusive-Men-GOrun-Ride-10-Shoes-246045-BURG-i.84710867.18019615989?sp_atk=5571c982-a3d1-4992-ab85-29bbfbe40d47&xptdk=5571c982-a3d1-4992-ab85-29bbfbe40d47,https://down-sg.img.susercontent.com/file/sg-11134201-7qvfu-ljxodvh1d1xm77,03-08-2023
NIL,Skechers,Skechers Men Sport D'Lux Fitness Roam Free walking Shoes - 232358-NVY Air-Cooled Memory Foam Machine Washable,"50%OFF, 50%OFF, 20%OFF, 10%OFF, 10%Coins Cashback",No Price Reduction,$129.00,1,https://shopee.sg/Skechers-Men-Sport-D'Lux-Fitness-Roam-Free-walking-Shoes-232358-NVY-Air-Cooled-Memory-Foam-Machine-Washable-i.84710867.17273516034?sp_atk=87b4bf83-bc11-4882-803c-0a6460d4c918&xptdk=87b4bf83-bc11-4882-803c-0a6460d4c918,https://down-sg.img.susercontent.com/file/sg-11134201-7qvfn-ljxoed1dnp9we9,03-08-2023
NIL,Skechers,Skechers Men Sport Skech Fast Shoes - 232440-CHAR Air-Cooled Memory Foam,"20%OFF, 20%OFF, 10%OFF, 10%Coins Cashback",$129.00,$99.00,1,https://shopee.sg/Skechers-Men-Sport-Skech-Fast-Shoes-232440-CHAR-Air-Cooled-Memory-Foam-i.84710867.22643138066?sp_atk=a60c70bc-9224-4b7d-b4c8-e09fa5c689a1&xptdk=a60c70bc-9224-4b7d-b4c8-e09fa5c689a1,https://down-sg.img.susercontent.com/file/sg-11134201-7qvfd-ljxo9exqbsou7d,03-08-2023
NIL,Skechers,Skechers Online Exclusive Men Sport Flection 2.0 Marozas Shoes - 8790147-NVOR Memory Foam,"20%OFF, 20%OFF, 10%OFF, 10%Coins Cashback",No Price Reduction,$109.00,1,https://shopee.sg/Skechers-Online-Exclusive-Men-Sport-Flection-2.0-Marozas-Shoes-8790147-NVOR-Memory-Foam-i.84710867.22641408587?sp_atk=e3bab57a-c008-4082-97da-ad369c950853&xptdk=e3bab57a-c008-4082-97da-ad369c950853,https://down-sg.img.susercontent.com/file/sg-11134201-7qvdr-ljxo9exqadh003,03-08-2023
NIL,Skechers,Skechers Men Sport Bounder High Degree walking Shoes - 232279-BLK Air-Cooled Memory Foam Machine Washable,"20%OFF, 20%OFF, 10%OFF, 10%Coins Cashback",$119.00,$60.00,1,https://shopee.sg/Skechers-Men-Sport-Bounder-High-Degree-walking-Shoes-232279-BLK-Air-Cooled-Memory-Foam-Machine-Washable-i.84710867.20034712339?sp_atk=458ce06b-ffd9-4be8-9b91-3c17baf68fde&xptdk=458ce06b-ffd9-4be8-9b91-3c17baf68fde,https://down-sg.img.susercontent.com/file/sg-11134201-7qvg4-ljxoc7ctc5ezaf,03-08-2023
NIL,Skechers,Skechers Men Sport Ultra Flex 3.0 Right Away walking Shoes - 232452-NVY Air-Cooled Memory Foam Stretch Fit,"20%OFF, $15 OFF, 10%OFF, 10%Coins Cashback",No Price Reduction,$129.00,1,https://shopee.sg/Skechers-Men-Sport-Ultra-Flex-3.0-Right-Away-walking-Shoes-232452-NVY-Air-Cooled-Memory-Foam-Stretch-Fit-i.84710867.18970967991?sp_atk=9235c4a7-5c3f-4467-81d9-fcaad463df59&xptdk=9235c4a7-5c3f-4467-81d9-fcaad463df59,https://down-sg.img.susercontent.com/file/sg-11134201-7qvfk-ljxod8w2g5xafd,03-08-2023
NIL,Skechers,"Skechers Men Sport Arch Fit Infinity Euron Shoes - 232608-OLV Arch Fit, Machine Washable, Stretch Fit, Vapor Lite, Vegan","20%OFF, $15 OFF, 10%OFF, 10%Coins Cashback",No Price Reduction,$139.00,1,https://shopee.sg/Skechers-Men-Sport-Arch-Fit-Infinity-Euron-Shoes-232608-OLV-Arch-Fit-Machine-Washable-Stretch-Fit-Vapor-Lite-Vegan-i.84710867.18579895154?sp_atk=71209a96-52a3-4086-955d-96e6def6af0e&xptdk=71209a96-52a3-4086-955d-96e6def6af0e,https://down-sg.img.susercontent.com/file/sg-11134201-7qvg5-ljxodley2y9q81,03-08-2023
NIL,Skechers,Skechers Men GOwalk 6 Shoes - 216280-NVRD,"20%OFF, $15 OFF, 10%OFF, 10%Coins Cashback",No Price Reduction,$119.00,1,https://shopee.sg/Skechers-Men-GOwalk-6-Shoes-216280-NVRD-i.84710867.13798525181?sp_atk=07a47cf9-5e58-4344-a128-f6e51c29c64c&xptdk=07a47cf9-5e58-4344-a128-f6e51c29c64c,https://down-sg.img.susercontent.com/file/sg-11134201-7qvct-ljxofwcqpkwi83,03-08-2023
NIL,Skechers,Skechers Men Sport Ultra Flex 3.0 Demchek walking Shoes - 232337-NVGY Air-Cooled Memory Foam Machine Washable,"20%OFF, $15 OFF, 10%OFF, 10%Coins Cashback",No Price Reduction,$119.00,0,https://shopee.sg/Skechers-Men-Sport-Ultra-Flex-3.0-Demchek-walking-Shoes-232337-NVGY-Air-Cooled-Memory-Foam-Machine-Washable-i.84710867.23826550917?sp_atk=64ea1459-e8b9-4d94-8154-0f485791cce9&xptdk=64ea1459-e8b9-4d94-8154-0f485791cce9,https://down-sg.img.susercontent.com/file/sg-11134201-7qven-ljxo7pvnptdqa6,03-08-2023
NIL,Skechers,"Skechers Men GOwalk Flex Rightful Walking Shoes - 216482-BRRD - Air-Cooled Goga Mat, Sneakers, Casual","20%OFF, 20%OFF, 10%OFF, 10%Coins Cashback",$119.00,$99.00,0,https://shopee.sg/Skechers-Men-GOwalk-Flex-Rightful-Walking-Shoes-216482-BRRD-Air-Cooled-Goga-Mat-Sneakers-Casual-i.84710867.23810273451?sp_atk=8e590926-11fc-4adb-85fb-7aa1009bd696&xptdk=8e590926-11fc-4adb-85fb-7aa1009bd696,https://down-sg.img.susercontent.com/file/sg-11134201-7qvev-ljxo7r8hnj5j0d,03-08-2023
NIL,Skechers,Skechers Men Sport Track Ripkent walking Shoes - 232399-OLBK Memory Foam Machine Washable,"20%OFF, 20%OFF, 10%OFF, 10%Coins Cashback",$129.00,$99.00,0,https://shopee.sg/Skechers-Men-Sport-Track-Ripkent-walking-Shoes-232399-OLBK-Memory-Foam-Machine-Washable-i.84710867.23530005858?sp_atk=5aa5cb78-5ffa-463f-8ec8-fd4b0f53832d&xptdk=5aa5cb78-5ffa-463f-8ec8-fd4b0f53832d,https://down-sg.img.susercontent.com/file/sg-11134201-7qvew-ljxo897jcng470,03-08-2023
NIL,Skechers,"Skechers Men Slip-Ins GOwalk Arch Fit Hands Free Shoes - 216259-NVY Air-Cooled Memory Foam Arch Fit, Dual-Density","20%OFF, $15 OFF, 10%OFF, 10%Coins Cashback",No Price Reduction,$149.00,0,https://shopee.sg/Skechers-Men-Slip-Ins-GOwalk-Arch-Fit-Hands-Free-Shoes-216259-NVY-Air-Cooled-Memory-Foam-Arch-Fit-Dual-Density-i.84710867.23068203584?sp_atk=0a372621-9475-4ed0-8157-c70719e8f00d&xptdk=0a372621-9475-4ed0-8157-c70719e8f00d,https://down-sg.img.susercontent.com/file/sg-11134201-7qve5-ljxo8updw8at1f,03-08-2023
NIL,Skechers,Skechers Men GOwalk Flex Shoes - 216486-KHK,"20%OFF, 20%OFF, 10%OFF, 10%Coins Cashback",$119.00,$99.00,0,https://shopee.sg/Skechers-Men-GOwalk-Flex-Shoes-216486-KHK-i.84710867.22128531830?sp_atk=aa7a9ef0-d725-48bf-82d8-c8deab4405c2&xptdk=aa7a9ef0-d725-48bf-82d8-c8deab4405c2,https://down-sg.img.susercontent.com/file/sg-11134201-7qvf5-ljxo9x0xz0z86b,03-08-2023
NIL,Skechers,Skechers Men Hillcrest Rocky Drift Shoes - 237267-NVY Memory Foam,"20%OFF, 20%OFF, 10%OFF, 10%Coins Cashback",$129.00,$60.00,0,https://shopee.sg/Skechers-Men-Hillcrest-Rocky-Drift-Shoes-237267-NVY-Memory-Foam-i.84710867.22105689535?sp_atk=2555a43d-34e2-44c2-a97f-05603b925863&xptdk=2555a43d-34e2-44c2-a97f-05603b925863,https://down-sg.img.susercontent.com/file/sg-11134201-7qvft-ljxo9zbcgtwrc0,03-08-2023
NIL,Skechers,Skechers Men California Pack Sport Court 92 Shoes - 237188-OLV Air-Cooled Memory Foam,"20%OFF, $15 OFF, 10%OFF, 10%Coins Cashback",No Price Reduction,$109.00,0,https://shopee.sg/Skechers-Men-California-Pack-Sport-Court-92-Shoes-237188-OLV-Air-Cooled-Memory-Foam-i.84710867.21865697539?sp_atk=b12a215c-e894-4458-9f2b-0a6d8fa29c55&xptdk=b12a215c-e894-4458-9f2b-0a6d8fa29c55,https://down-sg.img.susercontent.com/file/sg-11134201-7qvee-ljxoa9n5fj829c,03-08-2023
NIL,Skechers,Skechers Men GOrun Consistent Capability Running Shoes - 220369-GYBL Air-Cooled Goga Mat Ortholite,"20%OFF, 20%OFF, 10%OFF, 10%Coins Cashback",$129.00,$109.00,0,https://shopee.sg/Skechers-Men-GOrun-Consistent-Capability-Running-Shoes-220369-GYBL-Air-Cooled-Goga-Mat-Ortholite-i.84710867.21838935698?sp_atk=39507dee-0ee4-4474-8de5-5a90b5a133da&xptdk=39507dee-0ee4-4474-8de5-5a90b5a133da,https://down-sg.img.susercontent.com/file/sg-11134201-7qvd3-ljxoactgs9hh15,03-08-2023
NIL,Skechers,"Skechers Men Max Cushioning Essential Running Shoes - 220723-GYMT - Air-Cooled Goga Mat, Sneakers, Casual","20%OFF, 20%OFF, 10%OFF, 10%Coins Cashback",$129.00,$99.00,0,https://shopee.sg/Skechers-Men-Max-Cushioning-Essential-Running-Shoes-220723-GYMT-Air-Cooled-Goga-Mat-Sneakers-Casual-i.84710867.21551979543?sp_atk=a8ef61c8-f546-4d6f-9097-71d7d0fcc246&xptdk=a8ef61c8-f546-4d6f-9097-71d7d0fcc246,https://down-sg.img.susercontent.com/file/sg-11134201-7qvfj-ljxoakdxmpl6da,03-08-2023
NIL,Skechers,Skechers Men Sport Skech-Lite Pro Fair View Shoes - 232592-GRY Air-Cooled Memory Foam,"20%OFF, 20%OFF, 10%OFF, 10%Coins Cashback",$119.00,$99.00,0,https://shopee.sg/Skechers-Men-Sport-Skech-Lite-Pro-Fair-View-Shoes-232592-GRY-Air-Cooled-Memory-Foam-i.84710867.21438935727?sp_atk=33a57baa-2c2a-4ae2-9d4b-3d2124f7fed4&xptdk=33a57baa-2c2a-4ae2-9d4b-3d2124f7fed4,https://down-sg.img.susercontent.com/file/sg-11134201-7qvfq-ljxoamfgn4ob30,03-08-2023
NIL,Skechers,"Skechers Men Max Cushioning Delta Speed Up Running Shoes - 220358-NVY - Air-Cooled Goga Mat, Sneakers, Casual","20%OFF, 20%OFF, 10%OFF, 10%Coins Cashback",$149.00,$109.00,0,https://shopee.sg/Skechers-Men-Max-Cushioning-Delta-Speed-Up-Running-Shoes-220358-NVY-Air-Cooled-Goga-Mat-Sneakers-Casual-i.84710867.20947948018?sp_atk=a1b8c59a-8f7a-4c58-b867-1e6625dcece9&xptdk=a1b8c59a-8f7a-4c58-b867-1e6625dcece9,https://down-sg.img.susercontent.com/file/sg-11134201-7qven-ljxob66vrg6v72,03-08-2023
NIL,Skechers,Skechers Men Sport Skech-Lite Pro Fair View Shoes - 232592-NVY Air-Cooled Memory Foam,"20%OFF, 20%OFF, 10%OFF, 10%Coins Cashback",$119.00,$99.00,0,https://shopee.sg/Skechers-Men-Sport-Skech-Lite-Pro-Fair-View-Shoes-232592-NVY-Air-Cooled-Memory-Foam-i.84710867.20338937190?sp_atk=d61ab3fe-fe64-4d55-94cf-4650a0113290&xptdk=d61ab3fe-fe64-4d55-94cf-4650a0113290,https://down-sg.img.susercontent.com/file/sg-11134201-7qvdr-ljxobphnhc9i06,03-08-2023
NIL,Skechers,"Skechers Men GOwalk Flex Reveal Walking Shoes - 216483-CCNV - Air-Cooled Goga Mat, Sneakers, Casual","20%OFF, 20%OFF, 10%OFF, 10%Coins Cashback",$119.00,$99.00,0,https://shopee.sg/Skechers-Men-GOwalk-Flex-Reveal-Walking-Shoes-216483-CCNV-Air-Cooled-Goga-Mat-Sneakers-Casual-i.84710867.19634712621?sp_atk=181e1b35-bacb-44a4-864f-98c8c36bfed0&xptdk=181e1b35-bacb-44a4-864f-98c8c36bfed0,https://down-sg.img.susercontent.com/file/sg-11134201-7qvcy-ljxocfqz1yiye5,03-08-2023
NIL,Skechers,"Skechers Men Sport Skech-Lite Pro Clear Rush walking Shoes - 232591-NVBK Air-Cooled Memory Foam Machine Washable, Vegan","20%OFF, 20%OFF, 10%OFF, 10%Coins Cashback",$119.00,$99.00,0,https://shopee.sg/Skechers-Men-Sport-Skech-Lite-Pro-Clear-Rush-walking-Shoes-232591-NVBK-Air-Cooled-Memory-Foam-Machine-Washable-Vegan-i.84710867.19150003118?sp_atk=e1a3d012-9862-4a2b-a1c0-32a4cb1d7924&xptdk=e1a3d012-9862-4a2b-a1c0-32a4cb1d7924,https://down-sg.img.susercontent.com/file/sg-11134201-7qvey-ljxoct5hfvefa4,03-08-2023
NIL,Skechers,Skechers Men Bounder High Degree walking Shoes - 232279-NVY Air-Cooled Memory Foam Machine Washable,"20%OFF, 20%OFF, 10%OFF, 10%Coins Cashback",$119.00,$60.00,0,https://shopee.sg/Skechers-Men-Bounder-High-Degree-walking-Shoes-232279-NVY-Air-Cooled-Memory-Foam-Machine-Washable-i.84710867.17420631978?sp_atk=ebc531a1-9974-468b-92bc-046677f49f74&xptdk=ebc531a1-9974-468b-92bc-046677f49f74,https://down-sg.img.susercontent.com/file/sg-11134201-7qvfr-ljxoe6ukpret9d,03-08-2023
NIL,Skechers,"Skechers Men GOwalk Flex Quota Walking Shoes - 216481-NVRD - Air-Cooled Goga Mat, Sneakers, Casual","20%OFF, 20%OFF, 10%OFF, 10%Coins Cashback",$119.00,$99.00,0,https://shopee.sg/Skechers-Men-GOwalk-Flex-Quota-Walking-Shoes-216481-NVRD-Air-Cooled-Goga-Mat-Sneakers-Casual-i.84710867.16585096954?sp_atk=5779f0f9-7e46-4245-995d-a11cfbc2059d&xptdk=5779f0f9-7e46-4245-995d-a11cfbc2059d,https://down-sg.img.susercontent.com/file/sg-11134201-7qvfl-ljxoeppt3satb8,03-08-2023
NIL,Skechers,Skechers Men Sport Skech-Air Dynamight Venturik walking Shoes - 232292-CHAR Memory Foam,"20%OFF, 20%OFF, 10%OFF, 10%Coins Cashback",$119.00,$99.00,0,https://shopee.sg/Skechers-Men-Sport-Skech-Air-Dynamight-Venturik-walking-Shoes-232292-CHAR-Memory-Foam-i.84710867.16408953758?sp_atk=cfe97943-4cea-485a-b4c6-2af90301fcce&xptdk=cfe97943-4cea-485a-b4c6-2af90301fcce,https://down-sg.img.susercontent.com/file/sg-11134201-7qvg5-ljxoew93jgl3db,03-08-2023
NIL,Skechers,"Skechers Men GOwalk 6 Bold Knight Walking Shoes - 216204-TPE - Air-Cooled Goga Mat, Sneakers, Casual","20%OFF, $15 OFF, 10%OFF, 10%Coins Cashback",No Price Reduction,$119.00,0,https://shopee.sg/Skechers-Men-GOwalk-6-Bold-Knight-Walking-Shoes-216204-TPE-Air-Cooled-Goga-Mat-Sneakers-Casual-i.84710867.15780440465?sp_atk=17d6c0bc-8144-4507-af4b-512b92445736&xptdk=17d6c0bc-8144-4507-af4b-512b92445736,https://down-sg.img.susercontent.com/file/sg-11134201-7qvdn-ljxofh4734qff4,03-08-2023
NIL,Skechers,Skechers Men Transformers SKECHERS Street Stamina V3 Shoes - 802011-BKBR Air-Cooled Memory Foam,"20%OFF, 10%OFF, 10%Coins Cashback, $15 OFF",No Price Reduction,$159.00,0,https://shopee.sg/Skechers-Men-Transformers-SKECHERS-Street-Stamina-V3-Shoes-802011-BKBR-Air-Cooled-Memory-Foam-i.84710867.15398739419?sp_atk=7a8b7888-35c5-484a-8512-95a515d4f206&xptdk=7a8b7888-35c5-484a-8512-95a515d4f206,https://down-sg.img.susercontent.com/file/9574f2e08c0c60e85a6264a42fe6585a_tn,03-08-2023
NIL,Skechers,"Skechers Men GOwalk Arch Fit Seltos Walking Shoes - 216136-NVY - Sneakers, Casual","20%OFF, $15 OFF, 10%OFF, 10%Coins Cashback",No Price Reduction,$129.00,0,https://shopee.sg/Skechers-Men-GOwalk-Arch-Fit-Seltos-Walking-Shoes-216136-NVY-Sneakers-Casual-i.84710867.14877913154?sp_atk=eb04e008-f400-42ab-a347-59ca96ce9771&xptdk=eb04e008-f400-42ab-a347-59ca96ce9771,https://down-sg.img.susercontent.com/file/sg-11134201-7qvdb-ljxofmx4il1h3a,03-08-2023
NIL,Skechers,"Skechers Men GOrun Pulse Haptic Motion Running Shoes - 220536-BLOR - Air-Cooled Goga Mat, Sneakers, Casual","20%OFF, 20%OFF, 10%OFF, 10%Coins Cashback",$129.00,$60.00,0,https://shopee.sg/Skechers-Men-GOrun-Pulse-Haptic-Motion-Running-Shoes-220536-BLOR-Air-Cooled-Goga-Mat-Sneakers-Casual-i.84710867.14493036944?sp_atk=03035df9-f3cc-4c03-8ea5-c47712f18717&xptdk=03035df9-f3cc-4c03-8ea5-c47712f18717,https://down-sg.img.susercontent.com/file/sg-11134201-7qvf4-ljxofqetemtmf5,03-08-2023
NIL,Skechers,Skechers Men Sport Skech-Air Dynamight Venturik walking Shoes - 232292-NVOR Memory Foam,"20%OFF, 20%OFF, 10%OFF, 10%Coins Cashback",$119.00,$99.00,0,https://shopee.sg/Skechers-Men-Sport-Skech-Air-Dynamight-Venturik-walking-Shoes-232292-NVOR-Memory-Foam-i.84710867.14155567759?sp_atk=db3d0036-6262-41a3-821a-b007f34cb190&xptdk=db3d0036-6262-41a3-821a-b007f34cb190,https://down-sg.img.susercontent.com/file/sg-11134201-7qvdd-ljxoftveccba2c,03-08-2023
NIL,Skechers,"Skechers Men Max Cushioning Essential Running Shoes - 220723-BLOR - Air-Cooled Goga Mat, Sneakers, Casual","20%OFF, 20%OFF, 10%OFF, 10%Coins Cashback",$129.00,$99.00,0,https://shopee.sg/Skechers-Men-Max-Cushioning-Essential-Running-Shoes-220723-BLOR-Air-Cooled-Goga-Mat-Sneakers-Casual-i.84710867.21551979576?sp_atk=e94ea6ef-2064-4532-b58b-c23f0d0548af&xptdk=e94ea6ef-2064-4532-b58b-c23f0d0548af,https://down-sg.img.susercontent.com/file/sg-11134201-7qvf6-ljxoajp8muuv31,03-08-2023
NIL,Skechers,Skechers Men California Pack Sport Court 92 Shoes - 237188-BLU Air-Cooled Memory Foam,"20%OFF, $15 OFF, 10%OFF, 10%Coins Cashback",No Price Reduction,$109.00,0,https://shopee.sg/Skechers-Men-California-Pack-Sport-Court-92-Shoes-237188-BLU-Air-Cooled-Memory-Foam-i.84710867.21865697522?sp_atk=b10b0e14-5d26-4845-b264-3c53a3a78613&xptdk=b10b0e14-5d26-4845-b264-3c53a3a78613,https://down-sg.img.susercontent.com/file/sg-11134201-7qvdi-ljxoa9mvejx2e0,03-08-2023
NIL,Skechers,Skechers Men Sport Bounder Frazin walking Shoes - 232375-SLT Air-Cooled Memory Foam Machine Washable,"20%OFF, 20%OFF, 10%OFF, 10%Coins Cashback",$129.00,$99.00,0,https://shopee.sg/Skechers-Men-Sport-Bounder-Frazin-walking-Shoes-232375-SLT-Air-Cooled-Memory-Foam-Machine-Washable-i.84710867.20358442998?sp_atk=c71fce85-60d3-473f-a302-42b69d21c206&xptdk=c71fce85-60d3-473f-a302-42b69d21c206,https://down-sg.img.susercontent.com/file/sg-11134201-7qveg-ljxobm6mbik403,03-08-2023
NIL,Skechers,"Skechers Men Sport Skech-Lite Pro Faint Flair Shoes - 232593-BKRD - Air-Cooled Memory Foam, Sneakers, Casual","20%OFF, 20%OFF, 10%OFF, 10%Coins Cashback",$119.00,$99.00,0,https://shopee.sg/Skechers-Men-Sport-Skech-Lite-Pro-Faint-Flair-Shoes-232593-BKRD-Air-Cooled-Memory-Foam-Sneakers-Casual-i.84710867.20338937082?sp_atk=66580430-badb-452e-985a-5abbae0b0c29&xptdk=66580430-badb-452e-985a-5abbae0b0c29,https://down-sg.img.susercontent.com/file/sg-11134201-7qvep-ljxobrtg2pw788,03-08-2023
NIL,Skechers,"Skechers Men Sport Arch Fit Takar Shoes - 232601-NVRD Arch Fit, Machine Washable, Vegan","20%OFF, $15 OFF, 10%OFF, 10%Coins Cashback",No Price Reduction,$129.00,0,https://shopee.sg/Skechers-Men-Sport-Arch-Fit-Takar-Shoes-232601-NVRD-Arch-Fit-Machine-Washable-Vegan-i.84710867.23738050914?sp_atk=ff91b5c0-2800-4ba2-a077-5b8780778fc9&xptdk=ff91b5c0-2800-4ba2-a077-5b8780778fc9,https://down-sg.img.susercontent.com/file/sg-11134201-7qvfm-ljxo7wurgy23be,03-08-2023
NIL,Skechers,"Skechers Men Sport Arch Fit Takar Shoes - 232601-BKOR Arch Fit, Machine Washable, Vegan","20%OFF, $15 OFF, 10%OFF, 10%Coins Cashback",No Price Reduction,$129.00,0,https://shopee.sg/Skechers-Men-Sport-Arch-Fit-Takar-Shoes-232601-BKOR-Arch-Fit-Machine-Washable-Vegan-i.84710867.23438050766?sp_atk=ba2a1887-6880-47c4-9cca-77c1c7d224fd&xptdk=ba2a1887-6880-47c4-9cca-77c1c7d224fd,https://down-sg.img.susercontent.com/file/sg-11134201-7qvf9-ljxo8doqvkedc2,03-08-2023
NIL,Skechers,"Skechers Men Sport Arch Fit Takar Shoes - 232601-CCYL Arch Fit, Machine Washable, Vegan","20%OFF, $15 OFF, 10%OFF, 10%Coins Cashback",No Price Reduction,$129.00,0,https://shopee.sg/Skechers-Men-Sport-Arch-Fit-Takar-Shoes-232601-CCYL-Arch-Fit-Machine-Washable-Vegan-i.84710867.23238054755?sp_atk=9f6b9b0b-e81a-4bf9-bf68-76a0156fc763&xptdk=9f6b9b0b-e81a-4bf9-bf68-76a0156fc763,https://down-sg.img.susercontent.com/file/sg-11134201-7qvfm-ljxo8p028oi214,03-08-2023
NIL,Skechers,"Skechers Men Sport D'Lux Fitness Box Jump walking Shoes - 232357-NVBL - Air-Cooled Memory Foam, Sneakers, Casual","20%OFF, 20%OFF, 10%OFF, 10%Coins Cashback",$129.00,$109.00,0,https://shopee.sg/Skechers-Men-Sport-D'Lux-Fitness-Box-Jump-walking-Shoes-232357-NVBL-Air-Cooled-Memory-Foam-Sneakers-Casual-i.84710867.23019309401?sp_atk=4bc82cd1-6731-40fe-8a32-ecb95ee878d6&xptdk=4bc82cd1-6731-40fe-8a32-ecb95ee878d6,https://down-sg.img.susercontent.com/file/sg-11134201-7qvf1-ljxo90dvmdci89,03-08-2023
NIL,Skechers,Skechers Men GOwalk 6 Shoes - 216280-TPNV,"20%OFF, $15 OFF, 10%OFF, 10%Coins Cashback",No Price Reduction,$119.00,0,https://shopee.sg/Skechers-Men-GOwalk-6-Shoes-216280-TPNV-i.84710867.22931811924?sp_atk=a0de0c0c-0f19-4a9f-a22f-b851f19ea43e&xptdk=a0de0c0c-0f19-4a9f-a22f-b851f19ea43e,https://down-sg.img.susercontent.com/file/sg-11134201-7qvdf-ljxo939xcpf84f,03-08-2023
NIL,Skechers,"Skechers Men Sport Arch Fit Infinity Shoes - 232606-BKYL Arch Fit, Machine Washable, Vapor Foam, Vegan","20%OFF, $15 OFF, 10%OFF, 10%Coins Cashback",No Price Reduction,$139.00,0,https://shopee.sg/Skechers-Men-Sport-Arch-Fit-Infinity-Shoes-232606-BKYL-Arch-Fit-Machine-Washable-Vapor-Foam-Vegan-i.84710867.22931811894?sp_atk=61cac74a-d066-490e-91c9-91781cbe5f19&xptdk=61cac74a-d066-490e-91c9-91781cbe5f19,https://down-sg.img.susercontent.com/file/sg-11134201-7qvei-ljxo93uqi9l1ef,03-08-2023
NIL,Skechers,Skechers Men Sport D'Lux Fitness Box Jump walking Shoes - 232357-BKW Air-Cooled Memory Foam Machine Washable,"20%OFF, 20%OFF, 10%OFF, 10%Coins Cashback",$129.00,$109.00,0,https://shopee.sg/Skechers-Men-Sport-D'Lux-Fitness-Box-Jump-walking-Shoes-232357-BKW-Air-Cooled-Memory-Foam-Machine-Washable-i.84710867.22140622429?sp_atk=496b590c-a270-4fe7-8de5-80779a6d85d5&xptdk=496b590c-a270-4fe7-8de5-80779a6d85d5,https://down-sg.img.susercontent.com/file/sg-11134201-7qvfj-ljxo9vfs51qi18,03-08-2023
NIL,Skechers,Skechers Men Sport Arch Fit Infinity Cool walking Shoes - 232303-GRY Arch Fit,"20%OFF, 20%OFF, 10%OFF, 10%Coins Cashback",$129.00,$99.00,0,https://shopee.sg/Skechers-Men-Sport-Arch-Fit-Infinity-Cool-walking-Shoes-232303-GRY-Arch-Fit-i.84710867.21838935751?sp_atk=41f02cd0-fb72-48fe-afad-6899ede0fdcf&xptdk=41f02cd0-fb72-48fe-afad-6899ede0fdcf,https://down-sg.img.susercontent.com/file/sg-11134201-7qvda-ljxoaatvnmda56,03-08-2023
NIL,Skechers,Skechers Men Sport Skech-Air Arch Fit Shoes - 232554-TPBK,"20%OFF, $15 OFF, 10%OFF, 10%Coins Cashback",No Price Reduction,$139.00,0,https://shopee.sg/Skechers-Men-Sport-Skech-Air-Arch-Fit-Shoes-232554-TPBK-i.84710867.21579150698?sp_atk=a78d91ce-2c08-4446-86f6-a4deee13bb92&xptdk=a78d91ce-2c08-4446-86f6-a4deee13bb92,https://down-sg.img.susercontent.com/file/sg-11134201-7qvek-ljxoafd0zg2acd,03-08-2023
NIL,Skechers,"Skechers Men Sport D'Lux Fitness Major Stride Shoes - 232615-BKRD Air-Cooled Memory Foam Machine Washable, Relaxed Fit","20%OFF, 20%OFF, 10%OFF, 10%Coins Cashback",$129.00,$109.00,0,https://shopee.sg/Skechers-Men-Sport-D'Lux-Fitness-Major-Stride-Shoes-232615-BKRD-Air-Cooled-Memory-Foam-Machine-Washable-Relaxed-Fit-i.84710867.19877208420?sp_atk=aeff20d2-eb17-4846-adb4-61d8b84268c4&xptdk=aeff20d2-eb17-4846-adb4-61d8b84268c4,https://down-sg.img.susercontent.com/file/sg-11134201-7qvdy-ljxoca6n9xo7f4,03-08-2023
NIL,Skechers,Skechers Men Sport Track Ripkent walking Shoes - 232399-CCGY Memory Foam Machine Washable,"20%OFF, 20%OFF, 10%OFF, 10%Coins Cashback",$129.00,$99.00,0,https://shopee.sg/Skechers-Men-Sport-Track-Ripkent-walking-Shoes-232399-CCGY-Memory-Foam-Machine-Washable-i.84710867.19375387905?sp_atk=724d9a00-2b72-4497-af01-20631eb1f853&xptdk=724d9a00-2b72-4497-af01-20631eb1f853,https://down-sg.img.susercontent.com/file/sg-11134201-7qvfj-ljxocop3yk6v84,03-08-2023
NIL,Skechers,Skechers Men Sport Skech-Lite Pro Clear Rush walking Shoes - 232591-GYBK Air-Cooled Memory Foam Machine Washable,"20%OFF, 20%OFF, 10%OFF, 10%Coins Cashback",$119.00,$99.00,0,https://shopee.sg/Skechers-Men-Sport-Skech-Lite-Pro-Clear-Rush-walking-Shoes-232591-GYBK-Air-Cooled-Memory-Foam-Machine-Washable-i.84710867.19150003114?sp_atk=976cf106-150e-4d41-a8ce-2e1ca951cea8&xptdk=976cf106-150e-4d41-a8ce-2e1ca951cea8,https://down-sg.img.susercontent.com/file/sg-11134201-7qvg6-ljxoct5hfv782b,03-08-2023
NIL,Skechers,Skechers Men Sport Arch Fit D'Lux Sumner walking Shoes - 232502-GYRD Arch Fit,"20%OFF, 20%OFF, 10%OFF, 10%Coins Cashback",$139.00,$109.00,0,https://shopee.sg/Skechers-Men-Sport-Arch-Fit-D'Lux-Sumner-walking-Shoes-232502-GYRD-Arch-Fit-i.84710867.19062720690?sp_atk=de47ab64-107c-49ac-b001-c70a6df0ceb1&xptdk=de47ab64-107c-49ac-b001-c70a6df0ceb1,https://down-sg.img.susercontent.com/file/sg-11134201-7qvct-ljxocxgv7aj651,03-08-2023
NIL,Skechers,Skechers Men Sport Skech-Air Arch Fit Shoes - 232554-GYNV,"20%OFF, $15 OFF, 10%OFF, 10%Coins Cashback",No Price Reduction,$139.00,0,https://shopee.sg/Skechers-Men-Sport-Skech-Air-Arch-Fit-Shoes-232554-GYNV-i.84710867.18988102381?sp_atk=cef0cfee-fbbd-4948-a803-80b4fe823f10&xptdk=cef0cfee-fbbd-4948-a803-80b4fe823f10,https://down-sg.img.susercontent.com/file/sg-11134201-7qvd1-ljxod5fhh2fr49,03-08-2023
NIL,Skechers,Skechers Men Transformers SKECHERS Street Stamina V3 Shoes - 802011-WMLT Air-Cooled Memory Foam,"20%OFF, 10%OFF, 10%Coins Cashback, $15 OFF",No Price Reduction,$159.00,0,https://shopee.sg/Skechers-Men-Transformers-SKECHERS-Street-Stamina-V3-Shoes-802011-WMLT-Air-Cooled-Memory-Foam-i.84710867.18888387035?sp_atk=ae73ca6c-32ca-430f-85c1-d7f329c0e8ea&xptdk=ae73ca6c-32ca-430f-85c1-d7f329c0e8ea,https://down-sg.img.susercontent.com/file/9574f2e08c0c60e85a6264a42fe6585a_tn,03-08-2023
NIL,Skechers,Skechers Men Sport Bounder 2.0 Andal Shoes - 232674-BKGY Air-Cooled Memory Foam Machine Washable,"20%OFF, 20%OFF, 10%OFF, 10%Coins Cashback",$119.00,$99.00,0,https://shopee.sg/Skechers-Men-Sport-Bounder-2.0-Andal-Shoes-232674-BKGY-Air-Cooled-Memory-Foam-Machine-Washable-i.84710867.18579895163?sp_atk=255a0bb6-3a80-49ab-b6ff-dcfe729ef225&xptdk=255a0bb6-3a80-49ab-b6ff-dcfe729ef225,https://down-sg.img.susercontent.com/file/sg-11134201-7qvfz-ljxodktky7cn36,03-08-2023
NIL,Skechers,Skechers Men Sport Bounder 2.0 Shoes - 232674-CCLM Air-Cooled Memory Foam,"20%OFF, 20%OFF, 10%OFF, 10%Coins Cashback",$119.00,$99.00,0,https://shopee.sg/Skechers-Men-Sport-Bounder-2.0-Shoes-232674-CCLM-Air-Cooled-Memory-Foam-i.84710867.18579895162?sp_atk=5be87a70-2498-4924-9b1c-01679fdbd34c&xptdk=5be87a70-2498-4924-9b1c-01679fdbd34c,https://down-sg.img.susercontent.com/file/sg-11134201-7qvem-ljxodktl105u89,03-08-2023
NIL,Skechers,Skechers Men Sport Track Knockhill Shoes - 232001-BUBK Memory Foam,"20%OFF, 20%OFF, 10%OFF, 10%Coins Cashback",$119.00,$99.00,0,https://shopee.sg/Skechers-Men-Sport-Track-Knockhill-Shoes-232001-BUBK-Memory-Foam-i.84710867.18527817376?sp_atk=6e642f57-e363-4967-8580-6d70d11145a1&xptdk=6e642f57-e363-4967-8580-6d70d11145a1,https://down-sg.img.susercontent.com/file/sg-11134201-7qvf7-ljxodmpa753r12,03-08-2023
NIL,Skechers,Skechers Online Exclusive Men Sport Flection 2.0 Marozas Shoes - 8790147-BBK Memory Foam,"20%OFF, 20%OFF, 10%OFF, 10%Coins Cashback",No Price Reduction,$109.00,0,https://shopee.sg/Skechers-Online-Exclusive-Men-Sport-Flection-2.0-Marozas-Shoes-8790147-BBK-Memory-Foam-i.84710867.18079455012?sp_atk=ebff4ffb-1733-4934-8361-b66797d046ea&xptdk=ebff4ffb-1733-4934-8361-b66797d046ea,https://down-sg.img.susercontent.com/file/sg-11134201-7qvd6-ljxodu0visjue0,03-08-2023
NIL,Skechers,Skechers Men Sport D'Lux Walker Meerno walking Shoes - 232364-NVY Air-Cooled Memory Foam Relaxed Fit,"20%OFF, $15 OFF, 10%OFF, 10%Coins Cashback",No Price Reduction,$129.00,0,https://shopee.sg/Skechers-Men-Sport-D'Lux-Walker-Meerno-walking-Shoes-232364-NVY-Air-Cooled-Memory-Foam-Relaxed-Fit-i.84710867.16090691277?sp_atk=37fce820-87c4-471d-ad58-07180ab1048d&xptdk=37fce820-87c4-471d-ad58-07180ab1048d,https://down-sg.img.susercontent.com/file/sg-11134201-7qvfi-ljxof6mudxzqd6,03-08-2023
NIL,Skechers,Skechers Men Sport Arch Fit Infinity Shoes - 232606-TPOR,"20%OFF, $15 OFF, 10%OFF, 10%Coins Cashback",No Price Reduction,$139.00,0,https://shopee.sg/Skechers-Men-Sport-Arch-Fit-Infinity-Shoes-232606-TPOR-i.84710867.13698525684?sp_atk=76cdaba2-f3a0-4c08-bbb6-004622b74efe&xptdk=76cdaba2-f3a0-4c08-bbb6-004622b74efe,https://down-sg.img.susercontent.com/file/sg-11134201-7qvg3-ljxofxid0p0734,03-08-2023
NIL,Skechers,Skechers Men Sport Arch Fit D'Lux Sumner walking Shoes - 232502-NVLM Arch Fit,"20%OFF, 20%OFF, 10%OFF, 10%Coins Cashback",$139.00,$109.00,0,https://shopee.sg/Skechers-Men-Sport-Arch-Fit-D'Lux-Sumner-walking-Shoes-232502-NVLM-Arch-Fit-i.84710867.11598319600?sp_atk=9d248c35-b4a3-4a8d-bb3e-c76a733e76a3&xptdk=9d248c35-b4a3-4a8d-bb3e-c76a733e76a3,https://down-sg.img.susercontent.com/file/sg-11134201-7qvg7-ljxogkv2udxuab,03-08-2023
